SiteID,SITEID_Legacy,SITEID_New,Site_Name,FISH_SiteType,AQIN_SiteType,STREAM,SHARED_SITE,SiteID2,OLD_AQIN_SITEID,InPark,HUC8,REACH_CODE,County,Quad_map,Watershed,Aspect_deg,Slope_deg,Elev_m,EstVError,Geol_form,Geol_category,Lat_n83,Lon_n83,UTMX_E,UTMY_N,UTMX_E_end,UTMY_N_end,UtmZone,Datum,EstHError,AccCategory,AccNotes,GPS_DATE,Location_Description,Lower_Tag_Tree,Upper_Tag_Tree,Access_From,ParkCode,LastEdit_by,LastEdit_date,LocationID,ModifiedDate,LastUpdate,MaxWidth_m,MaxDepth_m,Current_Year
1F001,1F001,1F001,Lands Run,Inactive,Secondary,Lands Run,,,1F001,1,2070005,2070005001042,Warren,Chester Gap,Gooney Run,198,9,362,10,5,16,38.8242879084,-78.2032871618,742790.932849,4300994.48565,742870.057224,4301039.48469,17N,NAD83,0,1,Trimble-GPS-Dan-1,Pre-2000,,,,,SHEN,,,,,,3.0525581837,0.2630302906,0
1F002,1F002,1F002,Lands Run,Inactive,Primary,Lands Run,1L307,Y,1L307,,2070005,2070005001029,Warren,Chester Gap,Gooney Run,259,10,517,10,,,38.8280348223,-78.1888111829,744035.048688,4301448.97494,744114.610841,4301392.97571,17N,NAD83,0,1,Trimble-GPS-Dan-1,Pre-2000,,,,,SHEN,,,,,,3.8698050976,0.2905104458,
1F003,1F003,1F003,Piney River (Current site 1996-present),Primary,Primary,Piney River,1L309,Y,1L309,,2080103,2080103000155,Rappahannock,Thornton Gap,Piney River,67,19,379,10,,7,38.7030159382,-78.2686587673,737516.955038,4287362.21575,737893.917364,4287144.67954,17N,NAD83,,4,Unknown,,,,,,SHEN,,,,,,7.0098485947,0.3647328615,
1F003_1,1F003_1,1F003_1,Piney River (Old site 1983-93),Inactive,Inactive,Piney River,1L309_1,Y,1L309_1,,2080103,2080103000155,Rappahannock,Thornton Gap,Piney River,305,3,346,10,,,38.7015447651,-78.2633624412,737982.480032,4287212.68009,,,17N,NAD83,,1,Trimble-GPS-Dan-2,Pre-2000,,,,,SHEN,,,,,,8.0204544067,0.5,
1F003_2,1L309_2,1F003_2,Piney River (Old site 1994-95),NA,Inactive,Piney River,,Y,1L309_2,,2080103,2080103000155,Rappahannock,Thornton Gap,Piney River,180,6,353,10,3,7,38.7011771143,-78.2661189306,737743.949534,4287164.71146,,,17N,NAD83,,4,,,,,,,SHEN,,,,,,7.1909089088,0.5,
1F004,1F004,1F004,Piney River,Inactive,NA,Piney River,,,,,2080103,2080103000155,Rappahannock,Thornton Gap,Piney River,172,8,375,10,,,38.7043761606,-78.2696307481,737427.915531,4287510.66978,737327.915237,4287510.66842,17N,NAD83,0,1,Trimble-GPS-Dan-2,Pre-2000,,,,,SHEN,,,,,,4,0.5,
1F005,1F005,1F005,Piney River,Inactive,Secondary,Piney River,,,1F005,,2080103,2080103000155,Rappahannock,Thornton Gap,Piney River,209,3,406,10,3,7,38.7105022565,-78.2757945602,736871.600447,4288174.65571,736821.600223,4288224.65453,17N,NAD83,0,1,Trimble-GPS-Dan-2,Pre-2000,,,,,SHEN,,,,,,7.5,0.5,
1F006,1F006,1F006,Jeremys Run,Inactive,Secondary,Jeremys Run,,,1F006,,2070005,2070005000215,Page,Luray,Jeremys Run,334,0,285,10,3,6,38.7156327464,-78.3814348133,727668.383623,4288476.02348,727762.884017,4288443.52525,17N,NAD83,0,1,Trimble-GPS-Dan-2,Pre-2000,,,,,SHEN,,,,,,4.6649999619,0.5,
1F007,1F007,1F007,Jeremys Run,Primary,NA,Jeremys Run,,,,,2070005,2070005000215,Page,Thornton Gap,Jeremys Run,88,4,315,10,,6,38.7121291606,-78.3706483724,728617.512625,4288114.04162,728667.512781,4288114.04232,17N,NAD83,0,1,Trimble-GPS-Dan-2,Pre-2000,,,,,SHEN,,,,,,5.5286712646,0.3716862798,
1F008,1F008,1F008,Jeremys Run,Inactive,NA,Jeremys Run,,,,,2070005,2070005000215,Page,Thornton Gap,Jeremys Run,164,9,342,10,,,38.7115890034,-78.3592752815,729608.265796,4288082.55585,729664.890864,4288125.0561,17N,NAD83,0,1,Trimble-GPS-Dan-2,Pre-2000,,,,,SHEN,,,,,,5.0500001907,0.5,
1F030,1F030,1F030,Thornton River N.F.,Primary,Secondary,Thornton River N. Fork,,,1F030,,2080103,2080103000975,Rappahannock,Thornton Gap,North Fork Thornton River,215,8,352,10,3,19,38.6950664225,-78.2793588392,736612.539702,4286452.16919,736525.164386,4286501.16755,17N,NAD83,0,1,Trimble-GPS-Dan-2,Pre-2000,,,,,SHEN,,,,,,8.1556386948,0.3867576122,
1F031,1F031,1F031,Thornton River N.F.,Inactive,NA,Thornton River N. Fork,,,,,2080103,2080103000975,Rappahannock,Thornton Gap,North Fork Thornton River,204,8,359,10,,,38.6968622036,-78.2829697137,736292.538521,4286642.16307,736185.53815,4286687.1612,17N,NAD83,0,1,Trimble-GPS-Dan-1,Pre-2000,,,,,SHEN,,,,,,6.2272725105,0.5,
1F056,1F056,1F056,Bolton Branch,Secondary,Secondary,Bolton Branch,,,1F056,,2080103,2080103001780,Rappahannock,Chester Gap,Hittles Mill Stream,89,5,354,10,2,16,38.8062488553,-78.1543395988,747103.348825,4299123.50594,747013.474258,4299163.00555,17N,NAD83,0,1,Trimble-GPS-Dan-1,Pre-2000,,,,,SHEN,,,,,,4.0702900887,0.3097049296,
1F057,1F057,1F057,Bolton Branch,Inactive,NA,Bolton Branch,,,,,2080103,2080103001780,Rappahannock,Chester Gap,Hittles Mill Stream,99,7,375,10,,,38.8068468083,-78.1572504394,746848.475217,4299182.0057,746754.475736,4299202.00563,17N,NAD83,0,1,Trimble-GPS-Dan-1,Pre-2000,,,,,SHEN,,,,,,3.3645453453,0.5,
1F058,1F058,1F058,Bolton Branch,Secondary,NA,Bolton Branch,,,,,2080103,2080103001780,Rappahannock,Chester Gap,Hittles Mill Stream,149,21,402,10,,,38.8069579057,-78.1614457812,746483.727464,4299183.0067,746386.228138,4299159.00737,17N,NAD83,0,1,Trimble-GPS-Dan-1,Pre-2000,,,,,SHEN,,,,,,3.4443333149,0.2690089941,
1F116,1F116,1F116,Jeremys Run,Inactive,NA,Jeremys Run,,,,,2070005,2070005000215,Page,Thornton Gap,Jeremys Run,165,14,384,10,,,38.7148164264,-78.343061129,731007.894207,4288481.57049,731054.581812,4288499.57093,17N,NAD83,0,1,Trimble-GPS-Dan-2,Pre-2000,,,,,SHEN,,,,,,6.5999999046,0.5,
1F117,1F117,1F117,Jeremys Run,Inactive,NA,Jeremys Run,,,,,2070005,2070005000215,Page,Thornton Gap,Jeremys Run,204,6,443,10,,,38.7270917723,-78.3363241917,731554.080341,4289861.06174,731592.767901,4289892.56194,17N,NAD83,0,1,Trimble-GPS-Dan-2,Pre-2000,,,,,SHEN,,,,,,3.4500000477,0.5,
1F118,1F118,1F118,Jeremys Run,Primary,Primary,Jeremys Run,1L313,Y,1L313,,2070005,2070005000215,Page,Thornton Gap,Jeremys Run,331,14,555,10,,6,38.7483578149,-78.3244506558,732517.39112,4292251.54829,732535.703592,4292298.04804,17N,NAD83,0,1,Trimble-GPS-Dan-2,Pre-2000,,,,,SHEN,,,,,,4.9075722694,0.292580843,
1F132,1F132,1F132,Overall Run,Primary,Secondary,Overall Run,,,1F132,,2070005,2070005000244,Warren,Bentonville,Overall Run,179,3,290,10,,7,38.7895588147,-78.3191819649,732841.255909,4296837.98416,732941.256313,4296837.98557,17N,NAD83,0,1,Trimble-GPS-Dan-2,Pre-2000,,,,,SHEN,,,,,,6.4058551788,0.3251184821,
1F133,1F133,1F133,Lands Run,Secondary,NA,Lands Run,,,,,2070005,2070005001029,Warren,Chester Gap,Gooney Run,146,19,414,10,,,38.8260873318,-78.1954893598,743461.865487,4301214.98027,743551.239759,4301272.47907,17N,NAD83,0,1,Trimble-GPS-Dan-1,Pre-2000,,,,,SHEN,,,,,,4.9756412506,0.2910256386,
1F137,1F137,1F137,Piney River,Inactive,Secondary,Piney River,,,1F137,,2080103,2080103000155,Rappahannock,Thornton Gap,Piney River,261,9,455,10,3,7,38.7192015577,-78.2806593735,736419.847649,4289127.63995,736398.159935,4289225.13867,17N,NAD83,0,1,Trimble-GPS-Dan-2,Pre-2000,,,,,SHEN,,,,,,4.9956521988,0.5,
1F138,1F138,1F138,Piney River,Primary,Secondary,Piney River,,,1F138,,2080103,2080103000155,Rappahannock,Thornton Gap,Piney River,205,6,573,10,3,7,38.7280187183,-78.2915844255,735440.905464,4290078.11616,735401.842683,4290170.11464,17N,NAD83,0,1,Trimble-GPS-Dan-2,Pre-2000,,,,,SHEN,,,,,,6.1984848976,0.3401298821,
1F145,1F145,1F145,Piney River,Primary,NA,Piney River,,,,,2080103,2080103000155,Rappahannock,Thornton Gap,Piney River,62,4,415,10,,7,38.7118310285,-78.2775425916,736715.196724,4288317.61805,,,17N,NAD83,0,0,GIS,2002-?,,,,,SHEN,,,,,,5.4405050278,0.3940909207,
1F210,1F210,1F210,Front Royal,Secondary,NA,,,,,,2070005,2070005000834,Warren,Front Royal,unnamed tributary South Fork Shenandoah River,342,3,201,10,0,0,38.9022818885,-78.1944542428,743291.678089,4309675.1105,743343.95887448,4309598.59662507,17N,NAD83,,2,Garmin-GPS-Dave,2009/07/27 10:00:57,,,,,SHEN,awilliams,1/18/2011,,1/18/2011,1/18/2011,2.9818181992,0.2700000107,
1F211,1F211,1F211,Shenks Hollow Run,Secondary,NA,Shenks Hollow,,,,,2070005,2070005001403,Page,Thornton Gap,Pass Run,25,6,320,10,0,0,38.6704330481,-78.3707028368,728745.63,4283486.014,,,17N,NAD83,,0,GISQuad Map,2010-11-10,,,,,SHEN,,,,12/7/2009,12/7/2009,3.8545455933,0.2978788018,
1F218,1F218,1F218,Butterwood Branch,Secondary,NA,,,,,,2080103,2080103002497,Rappahannock,Thornton Gap,North Fork Thornton River,354,6,386,10,0,0,38.6854420152,-78.2761088905,736927.003041,4285392.33238,736836.27427946,4285347.02484732,17N,NAD83,,2,Garmin-GPS-Dave,2009/08/31 11:50:18,,,,,SHEN,awilliams,1/18/2011,,1/18/2011,1/18/2011,3.0090909004,0.2678788006,
1F219,1F219,1F219,Gravel Springs,Secondary,NA,,,,,,2080103,2080103002082,Rappahannock,Washington,Rush River,191,8,399,10,0,0,38.7494637306,-78.2303856209,740689.720355,4292617.65214,740727.80294877,4292713.39619036,17N,NAD83,,2,Garmin-GPS-Dave,2009/08/31 14:19:52,,,,,SHEN,awilliams,1/18/2011,,1/18/2011,1/18/2011,3.5909092426,0.2700000107,
1F223,1fbds1,1F223,Rush River (Big Devils Stairs),Secondary,NA,,,,,,2080103,2080103002092,Rappahannock,Chester Gap,Rush River,198,8,389,10,,,38.7507000909,-78.2151222798,742012.210278,4292795.16408,,,17N,NAD83,,0,GISQuad Map,2002-?,,,,,SHEN,,,,10/3/2006,,4,0.5,
1F224,1FBHR1,1F224,Brown Hollow Run,Secondary,NA,,,,,,2070005,2070005000303,Warren,Bentonville,Flint Run,69,9,319,10,,,38.8056141727,-78.2840953567,735836.212184,4298710.02779,,,17N,NAD83,,0,GISQuad Map,2002-?,,,,,SHEN,,,,10/3/2006,,4,0.5,
1F225,1FGR1,1F225,Gooney Run,Secondary,NA,,,,,,2070005,2070005001177,Warren,Bentonville,Gooney Run,348,10,421,10,,,38.777550728,-78.2552093358,738438.507229,4295670.10996,,,17N,NAD83,,0,GISQuad Map,2002-?,Shocked from just above park boundary to point 100m upstream.,Boundary Tree - No Tags,None,Accessed stream through Izaac Walton League property.,SHEN,EDemarest,1/5/2011,,10/3/2006,,4,0.5,
1F226,1FGRE1,1F226,Greasy Run,Secondary,NA,,,,,,2070005,2070005001163,Warren,Bentonville,Gooney Run,35,4,405,10,,,38.783092685,-78.2722876516,736936.322543,4296240.82007,,,17N,NAD83,,0,GISQuad Map,2002-?,,,,,SHEN,,,,10/3/2006,,4,0.5,
1F227,1FGRE2,1F227,Greasy Run,Secondary,NA,,,,,,2070005,2070005001192,Warren,Bentonville,Gooney Run,14,6,499,10,,,38.7744538888,-78.2670173478,737422.85817,4295295.64009,,,17N,NAD83,,0,GISQuad Map,2002-?,,,,,SHEN,,,,10/3/2006,,4,0.5,
1F228,1FHC1,1F228,Happy Creek,Secondary,Secondary,Happy Creek,,,1FHC1,,2070005,2070005000212,Warren,Front Royal,Happy Creek,307,2,208,10,5,16,38.8967090445,-78.181270582,744454.261746,4309091.80996,,,17N,NAD83,,4,GISMap,2002-?,,,,,SHEN,,,,,,6.8138890266,0.5031042099,
1F229,1FHC2,1F229,Happy Creek,Secondary,NA,Happy Creek,,,,,2070005,2070005000213,Warren,Chester Gap,Happy Creek,61,6,398,10,,,38.8465715796,-78.1904320274,743830.999068,4303502.16281,,,17N,NAD83,,0,Garmin-GPS-Dave,2010/08/04 14:32:02,,,,,SHEN,,,,,,1.9714285135,0.2147618979,
1F230,1FHH1,1F230,Hickerson Hollow,Secondary,NA,Happy Creek,,,,,2070005,2070005000962,Warren,Chester Gap,Happy Creek,23,8,408,10,,,38.8463142873,-78.1781966922,744893.921298,4303506.36731,,,17N,NAD83,,0,GIS,2002-?,,,,,SHEN,,,,,,3.9249999523,0.2702777684,
1F231,1FHK1,1F231,Heiskell Hollow (East Fork Compton Creek),Secondary,NA,East Fork (Heiskell Hollow),,,,,2070005,2070005001215,Page,Bentonville,Dry Run,162,16,243,10,,,38.7782105591,-78.346879953,730471.74483,4295508.1968,,,17N,NAD83,,0,Garmin-GPS-Dave,2010/08/19 08:47:20,,,,,SHEN,,,,12/15/2004,,2.9739129543,0.2907246351,
1F232,1FIR1,1F232,Indian Run,Secondary,NA,,,,,,2080103,2080103000125,Rappahannock,Chester Gap,Indian Run,147,17,498,10,,,38.8251201703,-78.1571352543,746795.344542,4301210.60719,,,17N,NAD83,,0,GISQuad Map,2002-?,,,,,SHEN,,,,10/3/2006,,4,0.5,
1F233,1FJO1,1F233,Jordan River,Secondary,NA,Jordan River,,,,,2080103,2080103000933,Rappahannock,Chester Gap,Jordan River,36,9,344,10,,,38.7725181431,-78.1624132005,746518.407441,4295357.69939,,,17N,NAD83,,0,GISPoint Ave - Garmin,2002-?,,,,,SHEN,,,,12/15/2004,,4,0.5,
1F234,1FKR1,1F234,Keyser Run,Secondary,NA,Keyser Run,,,,,2080103,2080103002202,Rappahannock,Thornton Gap,Keyser Run,132,1,400,10,0,0,38.7348452746,-78.2597267127,738188.046083,4290918.28001,,,17N,NAD83,,0,Garmin-GPS-Dave,2009/06/11 08:12:58,,,,,SHEN,,,,10/3/2006,,4,0.5,
1F235,1FRWB,1F235,Rush River - Waterfall Branch,Secondary,NA,,,,,,2080103,2080103001867,Rappahannock,Chester Gap,Hittles Mill Stream,136,19,430,10,,,38.7932856975,-78.1583454298,746800.192886,4297673.80631,,,17N,NAD83,,0,GISQuad Map,2002-?,,,,,SHEN,,,,10/3/2006,6/12/2006,4,0.5,
1F236,1FSC1,1F236,Smith Creek,Secondary,NA,,,,,,2070005,2070005001077,Warren,Chester Gap,Gooney Run,260,3,451,10,,,38.8069741898,-78.1952133766,743550.978245,4299094.22779,,,17N,NAD83,,0,GISQuad Map,2002-?,Started at park boundary and shocked 98 meters upstream.,Park Boundary,None,Top of Rt. 634,SHEN,EDemarest,1/5/2011,,10/3/2006,,4,0.5,
1F237,1FSH1,1F237,Shenks Hollow,Secondary,NA,Shenks Hollow,,,,,2070005,2070005001412,Page,Thornton Gap,Pass Run,65,12,387,10,,,38.6621295887,-78.3555746338,730088.565904,4282602.2858,,,17N,NAD83,,0,GIS,2002-?,,,,,SHEN,,,,,,4,0.5,
1F308,1L308,1F308,Piney River - Upper,NA,Primary,Piney River,PI27,Y,1L308,,2080103,2080103002144,Rappahannock,Thornton Gap,Piney River,286,6,763,10,3,7,38.7451702475,-78.2816971689,736243.981132,4292007.3109,,,17N,NAD83,0,1,,,,,,,SHEN,,,,,,4.9793386459,0.2694797814,
1F310,KEY1,1F310,Keyser Run,NA,Secondary,Keyser Run,KEY,,KEY1,,2070005,2070005001222,Page,Bentonville,Dry Run,4,14,401,10,2,4,38.772349356,-78.31891994,732920.042859,4294928.51694,,,17N,NAD83,,4,Dave,,,,,,SHEN,,,,,,4.9409089088,0.3302702606,
1F316,SFTR1,1F316,Thornton River S. Fork,NA,Secondary,Thornton River S. Fork,,,SFTR1,,2080103,2080103002669,Rappahannock,Thornton Gap,Thornton River,98,11,438,10,2,5,38.669428978,-78.2915627405,735635.133001,4283575.14187,,,17N,NAD83,,1,Centroids From GIS,,,,,,SHEN,,,,,,4.9000000954,0.5,
1F317,OVR1,1F317,Overall Run,NA,Secondary,Overall Run,,,,,2070005,2070005000244,Page,Bentonville,Overall Run,35,10,216,10,4,11,38.7973543046,-78.336426488,731318.036553,4297659.43069,,,17N,NAD83,0,4,,,,,,,SHEN,,,,,,4.3000001907,0.5,
1FVA1,1FVA1,1FVA1,Jeremys Run,Primary,NA,Jeremys Run,,,,,2070005,2070005000215,Page,Thornton Gap,Jeremys Run,116,9,429,10,,6,38.7238270688,-78.3371700502,731491.080947,4289496.56517,731497.893297,4289573.06436,17N,NAD83,0,1,Trimble-GPS-Dan-1,Pre-2000,,,,,SHEN,,,,,,5.366019249,0.3556521833,
1FVA2,1FVA2,1FVA2,Thornton River N.F.,Primary,NA,Thornton River N. Fork,,,,,2080103,2080103000975,Rappahannock,Thornton Gap,North Fork Thornton River,69,4,382,10,,7,38.7032939109,-78.2912704548,735549.410291,4287334.64607,735514.972564,4287411.6448,17N,NAD83,0,1,Trimble-GPS-Dan-1,Pre-2000,,,,,SHEN,,,,,,4.4509091377,0.2812184989,
1FVA3,1FVA3,1FVA3,Thornton River N.F.,Primary,NA,Thornton River N. Fork,,,,,2080103,2080103000975,Rappahannock,Thornton Gap,North Fork Thornton River,175,9,428,10,,7,38.708450247,-78.3003537128,734742.531959,4287883.62929,734684.65664,4287965.62762,17N,NAD83,0,1,Trimble-GPS-Dan-1,Pre-2000,,,,,SHEN,,,,,,4.7035088539,0.3175933659,
2F009,2F009,2F009,Whiteoak Canyon Run,Secondary,Primary,Whiteoak Canyon Run,2L301,Y,2L301,,2080103,2080103000275,Madison,Old Rag Mountain,Robinson River,185,12,345,10,,,38.5406878261,-78.3496691225,730991.753443,4269138.30617,730887.628118,4269260.30401,17N,NAD83,0,1,Trimble-GPS-Dan-1,Pre-2000,,,,,SHEN,,,,,,7.7832818031,0.3491280079,
2F010,2F010,2F010,Whiteoak Canyon Run,Inactive,NA,Whiteoak Canyon Run,,,,,2080103,2080103000275,Madison,Old Rag Mountain,Robinson River,228,6,370,10,,,38.5456663762,-78.3516876028,730799.877024,4269685.7982,730726.064315,4269760.29679,17N,NAD83,0,1,Trimble-GPS-Dan-1,Pre-2000,,,,,SHEN,,,,,,5.4090909958,0.5,
2F011,2F011,2F011,Whiteoak Canyon Run,Inactive,NA,Whiteoak Canyon Run,,,,,2080103,2080103000275,Madison,Old Rag Mountain,Robinson River,106,1,388,10,,,38.5482334868,-78.3534498734,730638.063765,4269966.29365,730642.250982,4270077.7923,17N,NAD83,0,1,Trimble-GPS-Dan-2,Pre-2000,,,,,SHEN,,,,,,7.5083332062,0.5,
2F012,2F012,2F012,Rapidan River,Inactive,NA,Rapidan River,,,,,,,,,,,0,0,0,,,,,,,,,,,,0,,,,,,,SHEN,,,,,,4,0.5,
2F013,2F013,2F013,Rapidan River,Inactive,NA,Rapidan River,,,,,,,,,,,0,0,0,,,,,,,,,,,,0,,,,,,,SHEN,,,,,,4,0.5,
2F014,2F014,2F014,Rapidan River,Inactive,NA,Rapidan River,,,,,,,,,,,0,0,0,,,,,,,,,,,,0,,,,,,,SHEN,,,,,,4,0.5,
2F015,2F015,2F015,Rose River,Primary,Primary,Rose River,2L305,Y,2L305,,2080103,2080103000436,Madison,Old Rag Mountain,Rose River,100,2,340,10,,7,38.5154188626,-78.366389796,729614.573479,4266291.83381,729470.386131,4266250.33359,17N,NAD83,0,1,Trimble-GPS-Dan-2,Pre-2000,,,,,SHEN,,,,,,8.6986446381,0.4784490466,
2F016,2F016,2F016,Rose River,Primary,NA,Rose River,,,,,2080103,2080103000436,Madison,Big Meadows,Rose River,17,2,414,10,,7,38.5113422005,-78.3844846195,728049.575359,4265794.33221,727938.575431,4265782.33181,17N,NAD83,0,1,Trimble-GPS-Dan-1,Pre-2000,,,,,SHEN,,,,,,7.5129494667,0.4409053624,
2F017,2F017,2F017,Rose River,Primary,NA,Rose River,,,,,2080103,2080103000436,Madison,Big Meadows,Rose River,137,7,642,10,,7,38.5251545473,-78.4059520983,726134.258602,4267274.30139,726053.258453,4267321.30026,17N,NAD83,0,1,Trimble-GPS-Dan-1,Pre-2000,,,,,SHEN,,,,,,7.3230156898,0.3774666786,
2F029,2F029,2F029,Naked Creek E.B.,Secondary,Secondary,Naked Creek E. Branch,,,2F029,,2070005,2070005000156,Page,Fletcher,Naked Creek,186,3,545,10,3,6,38.4778873891,-78.4816400916,719678.874665,4261844.81388,719713.62497,4261880.81404,17N,NAD83,0,1,Trimble-GPS-Dan-2,Pre-2000,,,,,SHEN,,,,,,5.8468356133,0.3127659559,
2F032,2F032,2F032,Brokenback Run,Inactive,NA,Brokenback Run,,,,,2080103,2080103000979,Madison,Old Rag Mountain,Hughes River,100,5,312,10,,,38.5710410091,-78.3001832172,735206.43514,4272632.79598,735110.810147,4272594.29566,17N,NAD83,0,1,Trimble-GPS-Dan-1,Pre-2000,,,,,SHEN,,,,,,8.4363632202,0.5,
2F033,2F033,2F033,Brokenback Run,Inactive,NA,Brokenback Run,,,,,2080103,2080103000979,Madison,Old Rag Mountain,Hughes River,196,10,350,10,,,38.5712398521,-78.306464968,734658.434761,4272638.7917,734569.747163,4272658.7908,17N,NAD83,0,1,Trimble-GPS-Dan-1,Pre-2000,,,,,SHEN,,,,,,6.2476191521,0.5,
2F034,2F034,2F034,Brokenback Run,Inactive,NA,Brokenback Run,,,,,2080103,2080103000979,Madison,Old Rag Mountain,Hughes River,71,13,432,10,,,38.567326331,-78.3171045631,733744.060088,4272177.28979,733647.434968,4272206.78873,17N,NAD83,0,1,Trimble-GPS-Dan-1,Pre-2000,,,,,SHEN,,,,,,4.5999999046,0.5,
2F035,2F035,2F035,Thornton River S.F.,Inactive,Secondary,Thornton River S. Fork,,,2F035,,2080103,2080103000424,Rappahannock,Thornton Gap,Thornton River,182,3,292,10,2,5,38.6538117109,-78.2733586152,737270.735432,4281888.72196,737320.298044,4281882.22258,17N,NAD83,0,1,Trimble-GPS-Dan-2,Pre-2000,,,,,SHEN,,,,,,7.3000001907,0.5,
2F036,2F036,2F036,Thornton River S.F.,Secondary,Secondary,Thornton River S. Fork,,,2F036,,2080103,2080103000424,Rappahannock,Thornton Gap,Thornton River,67,5,320,10,,,38.6569709238,-78.2821250782,736497.358322,4282216.70991,736451.98308,4282311.20844,17N,NAD83,0,1,Trimble-GPS-Dan-1,Pre-2000,,,,,SHEN,,,,,,6.3737502098,0.3833511472,
2F037,2F037,2F037,Thornton River S.F.,Inactive,NA,Thornton River S. Fork,,,,,2080103,2080103000424,Rappahannock,Thornton Gap,Thornton River,202,8,339,10,,,38.6598273205,-78.285243806,736216.544736,4282525.70357,736112.544478,4282545.20216,17N,NAD83,0,1,Trimble-GPS-Dan-1,Pre-2000,,,,,SHEN,,,,,,6.3333334923,0.5,
2F038,2F038,2F038,Hughes River,Primary,Secondary,Hughes River,,,2F038,,2080103,2080103000165,Madison,Old Rag Mountain,Hughes River,74,4,293,10,2,5,38.5774207219,-78.2996350908,735233.371368,4273342.28871,735173.183754,4273379.28784,17N,NAD83,0,1,Trimble-GPS-Dan-2,Pre-2000,,,,,SHEN,,,,,,8.8622379303,0.4829968512,
2F039,2F039,2F039,Hughes River,Primary,NA,Hughes River,,,,,2080103,2080103000165,Madison,Old Rag Mountain,Hughes River,131,3,370,10,5,5,38.5872538568,-78.3130954567,734028.680817,4274399.26744,733967.305572,4274492.76589,17N,NAD83,0,1,Trimble-GPS-Dan-2,Pre-2000,,,,,SHEN,,,,,,7.8440299034,0.4241025746,
2F040,2F040,2F040,Hughes River,Primary,Secondary,Hughes River,,,2F040,,2080103,2080103000165,Madison,Old Rag Mountain,Hughes River,171,3,402,10,2,5,38.5917508263,-78.316678096,733701.992007,4274889.25923,733652.116948,4274892.75876,17N,NAD83,0,1,Trimble-GPS-Dan-2,Pre-2000,,,,,SHEN,,,,,,7.8867053986,0.4026282132,
2F047,2F047,2F047,Pocosin Hollow Run,Inactive,NA,Pocosin Hollow Run,,,,,2080103,2080103000631,Greene,Fletcher,Conway River,14,13,472,10,,,38.4065619217,-78.4578349209,721974.243912,4253985.82752,721903.556366,4253987.82709,17N,NAD83,0,1,Trimble-GPS-Dan-2,Pre-2000,,,,,SHEN,,,,,,5.6666665077,0.5,
2F048,2F048,2F048,Pocosin Hollow Run,Secondary,Secondary,Pocosin Hollow Run,,,2F048,,2080103,2080103000631,Greene,Fletcher,Conway River,154,5,606,10,,16,38.4122116513,-78.4690856378,720974.498283,4254585.82137,720978.561225,4254635.82139,17N,NAD83,0,1,Trimble-GPS-Dan-2,Pre-2000,,,,,SHEN,,,,,,6.8528571129,0.2616981268,
2F049,2F049,2F049,Hannah Run,Inactive,NA,Hannah Run,,,,,2080103,2080103003236,Madison,Old Rag Mountain,Hughes River,174,3,399,10,,,38.5917351091,-78.3156002847,733795.929602,4274890.26003,733790.554496,4274939.75943,17N,NAD83,0,1,Trimble-GPS-Dan-2,Pre-2000,,,,,SHEN,,,,,,4,0.5,
2F050,2F050,2F050,Hannah Run,Primary,Secondary,Hannah Run,,,2F050,,2080103,2080103003236,Madison,Old Rag Mountain,Hughes River,208,3,425,10,2,9,38.5952289678,-78.3163031399,733723.366243,4275276.2551,733679.803646,4275300.75445,17N,NAD83,0,1,Trimble-GPS-Dan-2,Pre-2000,,,,,SHEN,,,,,,4.978205204,0.352222234,
2F052,2F052,2F052,Hazel River,Inactive,NA,Hazel River,,,,,2080103,2080103000160,Rappahannock,Thornton Gap,Hazel River,269,8,451,10,,,38.6308244617,-78.2726127307,737411.551827,4279339.24811,737422.551708,4279436.24729,17N,NAD83,0,1,Trimble-GPS-Dan-1,Pre-2000,,,,,SHEN,,,,,,5.8333334923,0.5,
2F053,2F053,2F053,Hazel River,Secondary,NA,Hazel River,,,,,2080103,2080103002938,Rappahannock,Thornton Gap,Hazel River,348,4,544,10,,,38.6340967293,-78.2843048206,736382.862071,4279672.23414,736322.986922,4279700.23323,17N,NAD83,0,1,Trimble-GPS-Dan-1,Pre-2000,,,,,SHEN,,,,,,5.8613462448,0.3038666546,
2F054,2F054,2F054,Hogcamp Branch,Inactive,NA,Hogcamp Branch,,,,,2080103,2080103004038,Madison,Big Meadows,Rose River,26,11,671,10,,,38.5263732055,-78.4097184152,725802.070707,4267400.29769,725752.758183,4267408.29729,17N,NAD83,0,1,Trimble-GPS-Dan-2,Pre-2000,,,,,SHEN,,,,,,4,0.5,
2F055,2F055,2F055,Hogcamp Branch,Primary,Primary,Hogcamp Branch,2L304,Y,2L304,,2080103,2080103004038,Madison,Big Meadows,Rose River,67,5,802,10,,7,38.5227522122,-78.4205740711,724866.88474,4266971.79856,724824.634941,4266915.29916,17N,NAD83,0,1,Trimble-GPS-Dan-2,Pre-2000,,,,,SHEN,,,,,,5.1636753082,0.2771522999,
2F059,2F059,2F059,Ragged Run,Inactive,NA,Ragged Run,,,,,2080103,2080103003745,Madison,Old Rag Mountain,Ragged Run,108,3,342,10,,,38.5326904932,-78.2983948069,735487.442983,4268380.84262,735431.005405,4268423.34184,17N,NAD83,0,1,Trimble-GPS-Dan-2,Pre-2000,,,,,SHEN,,,,,,4.0541667938,0.5,
2F060,2F060,2F060,Ragged Run,Secondary,Secondary,Ragged Run,,,2F060,,2080103,2080103003745,Madison,Old Rag Mountain,Ragged Run,77,7,484,10,,21,38.5375668371,-78.3055194967,734850.441974,4268903.83318,734757.316927,4268923.3324,17N,NAD83,0,1,Trimble-GPS-Dan-1,Pre-2000,,,,,SHEN,,,,,,3.944927454,0.2305389196,
2F061,2F061,2F061,Ragged Run,Inactive,NA,Ragged Run,,,,,2080103,2080103003745,Madison,Old Rag Mountain,Ragged Run,27,20,574,10,,,38.5393763609,-78.3136870955,734132.566538,4269083.82673,734065.191485,4269105.32607,17N,NAD83,0,1,Trimble-GPS-Dan-2,Pre-2000,,,,,SHEN,,,,,,4.5227270126,0.5,
2F062,2F062,2F062,Cedar Run,Secondary,Secondary,Cedar Run,,,2F062,,2080103,2080103003761,Madison,Old Rag Mountain,Robinson River,38,14,412,10,3,16,38.536798597,-78.3589681285,730193.567003,4268683.30679,730082.567033,4268667.3063,17N,NAD83,0,1,Trimble-GPS-Dan-1,Pre-2000,,,,,SHEN,,,,,,6.0508770943,0.3451388776,
2F063,2F063,2F063,Berry Hollow,Secondary,Secondary,Berry Hollow,,,2F063,,2080103,2080103003634,Madison,Old Rag Mountain,Robinson River,263,9,437,10,,21,38.5489411281,-78.3403523932,731777.376336,4270077.79997,731810.438698,4270140.29944,17N,NAD83,0,1,Trimble-GPS-Dan-2,Pre-2000,,,,,SHEN,,,,,,3.7529850006,0.2562006116,
2F064,2F064,2F064,Cedar Run,Inactive,NA,Cedar Run,,,,,2080103,2080103003761,Madison,Old Rag Mountain,Robinson River,117,6,667,10,,,38.543745027,-78.3713679775,729090.564807,4269423.2903,728993.564667,4269465.28912,17N,NAD83,0,1,Trimble-GPS-Dan-1,Pre-2000,,,,,SHEN,,,,,,4.9181818962,0.5,
2F065,2F065,2F065,Cedar Run,Inactive,NA,Cedar Run,,,,,2080103,2080103003761,Madison,Old Rag Mountain,Robinson River,96,24,528,10,,,38.540570497,-78.3654214218,729619.003345,4269085.79806,729586.878235,4269124.29737,17N,NAD83,0,1,Trimble-GPS-Dan-2,Pre-2000,,,,,SHEN,,,,,,4,0.5,
2F066,2F066,2F066,Berry Hollow,Inactive,NA,Berry Hollow,,,,,2080103,2080103003634,Madison,Old Rag Mountain,Robinson River,287,6,484,10,,,38.5515751764,-78.3377196351,731998.375704,4270376.79791,732055.750627,4270418.29782,17N,NAD83,0,1,Trimble-GPS-Dan-2,Pre-2000,,,,,SHEN,,,,,,3.1400001049,0.5,
2F067,2F067,2F067,Broad Hollow Run,Secondary,Secondary,Broad Hollow Run,,,2F067,,2080103,2080103003156,Rappahannock,Old Rag Mountain,Hazel River,112,7,359,10,2,4,38.594459846,-78.2742700147,737387.182633,4275298.7869,737288.807459,4275346.28558,17N,NAD83,0,1,Trimble-GPS-Dan-1,Pre-2000,,,,,SHEN,,,,,,4.8637208939,0.2836824358,
2F068,2F068,2F068,Broad Hollow Run,Inactive,NA,Broad Hollow Run,,,,,2080103,2080103003156,Rappahannock,Old Rag Mountain,Hazel River,218,19,401,10,,,38.5961708965,-78.2775253,737097.994554,4275480.2826,737061.244384,4275566.28144,17N,NAD83,0,1,Trimble-GPS-Dan-1,Pre-2000,,,,,SHEN,,,,,,4,0.5,
2F069,2F069,2F069,South River,Secondary,Secondary,South River,,,2F069,,2080103,2080103000308,Greene,Fletcher,South River,108,12,542,10,3,4,38.3781195001,-78.4950005727,718814.336405,4250740.30718,718771.711583,4250766.30691,17N,NAD83,0,1,Trimble-GPS-Dan-2,Pre-2000,,,,,SHEN,,,,,,5.7210526466,0.2982913256,
2F070,2F070,2F070,South River,Inactive,NA,South River,,,,,2080103,2080103000308,Greene,Elkton East,South River,152,13,648,10,,,38.3794898599,-78.5011573686,718272.334088,4250877.80317,718210.770447,4250912.80255,17N,NAD83,0,1,Trimble-GPS-Dan-2,Pre-2000,,,,,SHEN,,,,,,4,0.5,
2F071,2F071,2F071,Hazel River,Secondary,Primary,Hazel River,2L303_1,Y,2L303_1,,2080103,2080103000160,Rappahannock,Old Rag Mountain,Hazel River,31,8,321,10,,,38.6153947301,-78.2615875563,738422.555668,4277655.2741,738335.5556,4277613.27365,17N,NAD83,0,1,Trimble-GPS-Dan-1,Pre-2000,,,,,SHEN,,,,,,9.5799999237,0.4354074001,
2F072,2F072,2F072,Staunton River (Post 1995 channel),Primary,Primary,Staunton River,2L307,Y,2L307,,2080103,2080103000454,Madison,Madison,Rapidan River,88,7,316,10,,10,38.4446121864,-78.3717095617,729375.163434,4258419.88485,729367.158679,4258464.86559,17N,NAD83,0,1,Unknown,,,,,,SHEN,,,,,,7.4209089279,0.3412415683,
2F072_1,2F072_1,2F072_1,Staunton River (Pre 1995 channel),Inactive,Inactive,Staunton River,,Y,2L307_1,,2080103,2080103000454,Madison,Madison,Rapidan River,151,8,312,10,,,38.4450063455,-78.3712141297,729417.158689,4258464.86586,,,17N,NAD83,,0,Trimble-GPS-Dan-2,Pre-2000,,,,,SHEN,,,,,,6.6902599335,0.5,
2F073,2F073,2F073,Staunton River,Inactive,Secondary,Staunton River,,,2F073,,2080103,2080103000455,Madison,Fletcher,Rapidan River,187,8,408,10,2,10,38.4506214776,-78.3795396934,728672.725518,4259067.36088,728705.038489,4259130.36095,17N,NAD83,0,1,Trimble-GPS-Dan-2,Pre-2000,,,,,SHEN,,,,,,4.5,0.5,
2F074,2F074,2F074,Staunton River,Primary,Secondary,Staunton River,,,2F074,,2080103,2080103000455,Madison,Fletcher,Rapidan River,112,9,461,10,2,10,38.4561610788,-78.3804763824,728573.480069,4259679.85937,728523.480442,4259729.85903,17N,NAD83,0,1,Trimble-GPS-Dan-2,Pre-2000,,,,,SHEN,,,,,,7.7762236595,0.3889302313,
2F075,2F075,2F075,Staunton River,Primary,Secondary,Staunton River,,,2F075,,2080103,2080103000455,Madison,Fletcher,Rapidan River,12,4,620,10,2,10,38.4585905594,-78.3987219574,726973.54431,4259904.35082,726864.544122,4259879.3503,17N,NAD83,0,1,Trimble-GPS-Dan-2,Pre-2000,,,,,SHEN,,,,,,5.750295639,0.4326797426,
2F076,2F076,2F076,Staunton River,Primary,Secondary,Staunton River,,,2F076,,2080103,2080103000455,Madison,Fletcher,Rapidan River,127,12,750,10,2,10,38.4626464138,-78.4099597983,725980.172688,4260326.84527,725930.173482,4260426.84491,17N,NAD83,0,1,Trimble-GPS-Dan-2,Pre-2000,,,,,SHEN,,,,,,4.9301419258,0.3988755047,
2F089,2F089,2F089,Hazel River,Inactive,NA,Hazel River,,,,,2080103,2080103000160,Rappahannock,Thornton Gap,Hazel River,208,5,410,10,,,38.6252009959,-78.2683021724,737805.428325,4278726.25799,737724.053131,4278773.75672,17N,NAD83,0,1,Trimble-GPS-Dan-1,Pre-2000,,,,,SHEN,,,,,,6.3454546928,0.5,
2F090,2F090,2F090,Hazel River,Secondary,Primary,Hazel River,2L302,Y,2L302,,2080103,2080103000160,Rappahannock,Thornton Gap,Hazel River,350,3,667,10,,,38.6305651591,-78.2940304686,735547.736328,4279255.22972,735466.986301,4279192.22954,17N,NAD83,0,1,Trimble-GPS-Dan-1,Pre-2000,,,,,SHEN,,,,,,4.9842624664,0.2996440232,
2F091,2F091,2F091,Rapidan River,Inactive,NA,Rapidan River,,,,,2080103,2080103000302,Madison,Fletcher,Rapidan River,61,8,480,10,,,38.4669495312,-78.3828469806,728332.551479,4260871.35624,728291.176913,4260928.35594,17N,NAD83,0,1,Trimble-GPS-Dan-2,Pre-2000,,,,,SHEN,,,,,,8.9090909958,0.5,
2F092,2F092,2F092,Rapidan River,Inactive,NA,Rapidan River,,,,,2080103,2080103000302,Madison,Madison,Rapidan River,152,14,342,10,,,38.4534181591,-78.3682482327,729649.353083,4259405.86544,729673.291289,4259502.86539,17N,NAD83,0,1,Trimble-GPS-Dan-2,Pre-2000,,,,,SHEN,,,,,,9.9363632202,0.5,
2F093,2F093,2F093,Rapidan River,Primary,Primary,Rapidan River,,,2F093,,2080103,2080103000301,Madison,Madison,Rapidan River,223,5,285,10,5,5,38.4412224406,-78.3678180129,729725.593262,4258053.36826,729615.843388,4258074.86762,17N,NAD83,0,1,Trimble-GPS-Dan-2,Pre-2000,,,,,SHEN,,,,,,10.7942495346,0.4440782666,
2F094,2F094,2F094,Pass Run,Inactive,NA,Pass Run,,,,,2070005,2070005001417,Page,Luray,Pass Run,32,7,323,10,,,38.665659615,-78.3759559785,728303.713482,4282943.10563,728353.713738,4282893.10689,17N,NAD83,0,1,Trimble-GPS-Dan-2,Pre-2000,,,,,SHEN,,,,,,4.4615383148,0.5,
2F095,2F095,2F095,Pass Run,Primary,NA,Pass Run,,,,,2070005,2070005001437,Page,Thornton Gap,Pass Run,263,6,382,10,,7,38.6542774122,-78.3578165127,729918.595339,4281725.14019,729981.783176,4281645.64191,17N,NAD83,0,1,Trimble-GPS-Dan-1,Pre-2000,,,,,SHEN,,,,,,6.3192811012,0.3920212686,
2F096,2F096,2F096,Pass Run,Inactive,Secondary,Pass Run,,,2F096,,2070005,2070005001441,Page,Thornton Gap,Pass Run,199,3,407,10,6,7,38.6515474224,-78.3522366818,730412.972105,4281436.14941,730519.472321,4281438.15059,17N,NAD83,0,1,Trimble-GPS-Dan-1,Pre-2000,,,,,SHEN,,,,,,5.9795455933,0.3810646534,
2F110,2F110,2F110,Little Hawhksbill Creek,Secondary,Secondary,Little Hawksbill Creek,,,2F110,,2070005,2070005000304,Page,Big Meadows,Little Hawksbill Creek,258,4,506,10,5,16,38.5488969806,-78.4319585467,723793.186927,4269845.74909,723880.249605,4269804.7503,17N,NAD83,0,1,Trimble-GPS-Dan-1,Pre-2000,,,,,SHEN,,,,,,3.9072463512,0.2797095478,
2F111,2F111,2F111,Little Hawhksbill Creek,Inactive,NA,Little Hawksbill Creek,,,,,2070005,2070005000304,Page,Big Meadows,Little Hawksbill Creek,302,2,545,10,,,38.5457636743,-78.4283628847,724116.313247,4269506.75636,724149.938588,4269413.75797,17N,NAD83,0,1,Trimble-GPS-Dan-1,Pre-2000,,,,,SHEN,,,,,,3.3458333015,0.5,
2F112,2F112,2F112,Little Hawhksbill Creek,Inactive,NA,Little Hawksbill Creek,,,,,2070005,2070005000304,Page,Big Meadows,Little Hawksbill Creek,293,22,586,10,,,38.5430784383,-78.4256858266,724358.001846,4269215.2623,724366.502168,4269124.7637,17N,NAD83,0,1,Trimble-GPS-Dan-1,Pre-2000,,,,,SHEN,,,,,,2.7999999523,0.5,
2F113,2F113,2F113,Naked Creek W.Branch  (Post 1996),Secondary,Secondary,Naked Creek W. Branch,,,2F113,,2070005,2070005002024,Page,Fletcher,Naked Creek,104,11,488,10,6,14,38.4875587898,-78.4984678947,718181.575524,4262878.15476,718034.507509,4262756.30606,17N,NAD83,0,1,Unknown,,,,,,SHEN,,,,,,4.989130497,0.2860869467,
2F113_1,2F113_1,2F113_1,Naked Creek W.Branch  (Pre 1996),Inactive,NA,Naked Creek W. Branch,,,,,2070005,2070005002024,Page,Elkton East,Naked Creek,147,6,475,10,,14,38.4860901806,-78.5013603095,717933.691518,4262708.30461,,,17N,NAD83,,0,Trimble-GPS-Dan-2,Pre-2000,,,,,SHEN,,,,,,4.9434781075,0.5,
2F114,2F114,2F114,Naked Creek W.B.,Inactive,NA,Naked Creek W. Branch,,,,,2070005,2070005002024,Page,Fletcher,Naked Creek,69,0,528,10,,,38.4963516615,-78.4998296206,718036.26848,4263850.80658,718002.768078,4263912.80612,17N,NAD83,0,1,Trimble-GPS-Dan-2,Pre-2000,,,,,SHEN,,,,,,3.8272726536,0.5,
2F115,2F115,2F115,Naked Creek W.B.,Inactive,NA,Naked Creek W. Branch,,,,,2070005,2070005001960,Page,Big Meadows,Naked Creek,207,1,583,10,,,38.500612338,-78.4892519385,718945.9593,4264348.80964,719045.459299,4264338.31029,17N,NAD83,0,1,Trimble-GPS-Dan-2,Pre-2000,,,,,SHEN,,,,,,4.0333333015,0.5,
2F119,2F119,2F119,East Hawksbill Creek,Secondary,Secondary,East Hawksbill Creek,,,2F119,,2070005,2070005000199,Page,Big Meadows,East Hawksbill Creek,256,3,523,10,,16,38.5745226821,-78.4038625145,726161.615798,4272758.72388,726211.615997,4272708.72498,17N,NAD83,0,1,Trimble-GPS-Dan-2,Pre-2000,,,,,SHEN,,,,,,5.3157830238,0.3171701729,
2F120,2F120,2F120,East Hawksbill Creek,Inactive,NA,East Hawksbill Creek,,,,,2070005,2070005000199,Page,Big Meadows,East Hawksbill Creek,17,9,591,10,,,38.5698533968,-78.3978820419,726697.367793,4272255.23513,726721.305447,4272211.23593,17N,NAD83,0,1,Trimble-GPS-Dan-2,Pre-2000,,,,,SHEN,,,,,,3.5666666031,0.5,
2F121,2F121,2F121,East Hawksbill Creek,Inactive,NA,East Hawksbill Creek,,,,,2070005,2070005000199,Page,Big Meadows,East Hawksbill Creek,5,15,640,10,,,38.5663402312,-78.3954819315,726917.556639,4271871.24214,726967.556826,4271821.24321,17N,NAD83,0,1,Trimble-GPS-Dan-2,Pre-2000,,,,,SHEN,,,,,,2.9818181992,0.5,
2F122,2F122,2F122,Fultz Run,Secondary,Secondary,Fultz Run,,,2F122,,2070005,2070005000207,Page,Stanley,Fultz Run,153,3,398,10,1,11,38.5013446058,-78.5594795165,712818.861126,4264265.22816,712864.112503,4264286.2285,17N,NAD83,0,1,Trimble-GPS-Dan-2,Pre-2000,,,,,SHEN,,,,,,3.8535087109,0.281671375,
2F129,2F129,2F129,Naked Creek E.B.,Inactive,NA,Naked Creek E. Branch,,,,,2070005,2070005000156,Page,Fletcher,Naked Creek,168,2,584,10,,,38.4800383978,-78.4750430309,720247.876662,4262099.31649,720276.377009,4262140.31661,17N,NAD83,0,1,Trimble-GPS-Dan-2,Pre-2000,,,,,SHEN,,,,,,5.875,0.5,
2F130,2F130,2F130,Naked Creek E.B.,Inactive,NA,Naked Creek E. Branch,,,,,2070005,2070005000156,Page,Fletcher,Naked Creek,306,13,671,10,,,38.4886112433,-78.4660619212,721005.197243,4263072.31967,721023.94808,4263170.31972,17N,NAD83,0,1,Trimble-GPS-Dan-2,Pre-2000,,,,,SHEN,,,,,,6.1045455933,0.5,
2F131,2F131,2F131,Dry Run N.F.,Primary,Primary,Dry Run N. Fork,2L308,Y,2L308,,2070005,2070005001516,Page,Thornton Gap,North Fork Dry Run,331,18,493,10,,10,38.6329373785,-78.3579873833,729971.976518,4279356.17063,729904.789121,4279270.67101,17N,NAD83,0,1,Trimble-GPS-Dan-1,Pre-2000,,,,,SHEN,,,,,,4.5541067123,0.283425957,
2F134,2F134,2F134,Rapidan River,Inactive,NA,Rapidan River,,,,,2080103,2080103000302,Madison,Madison,Rapidan River,203,2,311,10,,,38.4476897295,-78.3651289139,729939.786062,4258777.86811,729833.223788,4258811.36748,17N,NAD83,0,1,Trimble-GPS-Dan-2,Pre-2000,,,,,SHEN,,,,,,4,0.5,
2F135,2F135,2F135,Rapidan River,Primary,NA,Rapidan River,,,,,2080103,2080103000302,Madison,Madison,Rapidan River,58,4,412,10,,10,38.4634049626,-78.3674115922,729690.673643,4260516.36363,729622.736293,4260535.86325,17N,NAD83,0,1,Trimble-GPS-Dan-2,Pre-2000,,,,,SHEN,,,,,,7.8337664604,0.5416666865,
2F136,2F136,2F136,Rapidan River,Inactive,NA,Rapidan River,,,,,2080103,2080103000302,Madison,Fletcher,Rapidan River,72,10,744,10,,,38.4904267779,-78.4182247188,725172.447245,4263389.83799,725060.634817,4263389.83749,17N,NAD83,0,1,Trimble-GPS-Dan-2,Pre-2000,,,,,SHEN,,,,,,9.8000001907,0.5,
2F139,2F139,2F139,Hazel River,Inactive,NA,Hazel River,,,,,2080103,2080103002938,Rappahannock,Thornton Gap,Hazel River,11,5,651,10,,,38.6259979646,-78.2946437103,735509.299638,4278746.73461,735418.611983,4278752.23363,17N,NAD83,0,1,Trimble-GPS-Dan-1,Pre-2000,,,,,SHEN,,,,,,4.5967741013,0.2657575905,
2F140,2F140,2F140,Dry Run S.F.,Secondary,Secondary,Dry Run S. Fork,,,2F140,,2070005,2070005001554,Page,Big Meadows,South Fork Dry Run,346,2,509,10,,16,38.6159481913,-78.3793517449,728165.916372,4277417.17755,728212.166593,4277363.67871,17N,NAD83,0,1,Trimble-GPS-Dan-2,Pre-2000,,,,,SHEN,,,,,,4.4543747902,0.2792903185,
2F142,2F142,2F142,Whiteoak Canyon Run,Inactive,NA,Whiteoak Canyon Run,,,,,,,,,,,0,0,0,,,,,,,,,,,0,0,,,,,,,SHEN,,,,,,4,0.5,
2F205,2F205,2F205,Stony Run,Secondary,NA,,,,,,2070005,2070005002083,Page,Elkton East,Stony Run,179,14,423,10,,,38.4897972954,-78.5667087223,712222.270784,4262966.95498,712308.99338612,4263001.49585148,17N,NAD83,,2,Garmin-GPS-Dave,2009/06/30 08:26:24,,,,,SHEN,awilliams,1/18/2011,,1/18/2011,1/18/2011,3.8800001144,0.3163333237,
2F208,2F208,2F208,Kettle Canyon,Secondary,Secondary,,2KET1,,2KET1,,2070005,2070005001584,Page,Big Meadows,East Hawksbill Creek,254,3,434,10,0,0,38.6127951543,-78.3976293573,726584.26336,4277021.91858,726671.04936279,4276980.63123985,17N,NAD83,,2,Unknown-Debby,2002-?,,,,Access from bottom of Skyland Fire Road.,SHEN,awilliams,1/18/2011,,1/18/2011,1/18/2011,3.4863636494,0.2664948404,
2F212,2F212,2F212,Entry Run,Secondary,NA,,,,,,2080103,2080103000636,Greene,Fletcher,South River,113,12,619,10,,,38.392168012,-78.4803859648,720048.524719,4252334.25003,719983.81325488,4252345.80322341,17N,NAD83,,2,Garmin-GPS-Dave,2009/07/29 13:10:43,,,,,SHEN,awilliams,1/18/2011,,1/18/2011,1/18/2011,4.3299999237,0.3213333189,
2F213,2F213,2F213,Rosson Hollow (Big Tributary),Secondary,NA,,,,,,2080103,2080103003662,Madison,Old Rag Mountain,Rosson Hollow Run,39,9,271,10,,,38.5415889745,-78.2838007968,736730.562932,4269405.99051,736649.1534933,4269372.40108508,17N,NAD83,,2,Garmin-GPS-Dave,2009/07/30 08:41:45,,,,,SHEN,awilliams,1/18/2011,,1/18/2011,1/18/2011,3.75,0.275000006,
2F214,2F214,2F214,Rosson Hollow (Medium Tributary),Secondary,NA,,,,,,2080103,2080103003585,Madison,Old Rag Mountain,Rosson Hollow Run,195,4,280,10,,,38.5462788935,-78.2827027668,736810.883627,4269929.3571,736709.08776556,4269933.79661337,17N,NAD83,,2,Garmin-GPS-Dave,2009/07/30 13:00:16,,,,,SHEN,awilliams,1/18/2011,,1/18/2011,1/18/2011,2.6272728443,0.2336666733,
2F215,2F215,2F215,Unnamed Robinson River Tributary,Secondary,NA,,,,,,2080103,2080103004032,Madison,Old Rag Mountain,Robinson River,221,7,251,10,0,0,38.5087776026,-78.3245739661,733282.381724,4265660.00238,733336.95422872,4265732.04596248,17N,NAD83,,2,Garmin-GPS-Dave,2009/08/25 14:11:59,,,,,SHEN,awilliams,1/18/2011,,1/18/2011,1/18/2011,2,0.2378787845,
2F216,2F216,2F216,Popham Run,Secondary,NA,,,,,,2080103,2080103000981,Madison,Old Rag Mountain,Popham Run,216,13,379,10,0,0,38.5249089889,-78.3116177291,734359.927095,4267483.37194,734289.11692702,4267546.63676022,17N,NAD83,,2,Garmin-GPS-Dave,2009/08/27 12:16:29,,,,,SHEN,awilliams,1/18/2011,,1/18/2011,1/18/2011,2.2333333492,0.2240740806,
2F217,2F217,2F217,Rocky Run,Secondary,NA,,,,,,2080103,2080103003345,Rappahannock,Old Rag Mountain,Hughes River,91,7,329,10,,,38.5851007657,-78.2847905339,736501.511879,4274232.8483,736485.10016331,4274282.91356642,17N,NAD83,,2,Garmin-GPS-Dave,2009/08/26 14:25:54,,,,,SHEN,awilliams,1/18/2011,,1/18/2011,1/18/2011,2.4500000477,0.2422222197,
2F221,2F221,2F221,Kinsey Run,Secondary,NA,,,,,,2080103,2080103000621,Madison,Fletcher,Kinsey Run,49,3,288,10,0,0,38.4220163723,-78.3823880533,728514.354378,4255885.49771,,,17N,NAD83,,0,Garmin-GPS-Dave,2009/09/02 14:55:40,,,,,SHEN,,1/19/2011,,1/19/2011,1/19/2011,4,0.5,
2F222,2F222,2F222,Bush Mountain Stream,Secondary,NA,,,,,,2080103,2080103004733,Greene,Fletcher,Conway River,125,15,632,10,0,0,38.4506723389,-78.445779442,722891.314303,4258910.55217,722811.26716705,4258895.16792511,17N,NAD83,,2,Garmin-GPS-Dave,2009/09/03 10:23:27,,,,,SHEN,awilliams,1/18/2011,,1/18/2011,1/18/2011,2.4749999046,0.2493750006,
2F238,2FBCK,2F238,Big Creek,Secondary,NA,,,,,,2070005,2070005000311,Page,Elkton East,Naked Creek,17,1,428,10,,,38.4647600273,-78.5004966036,718073.331482,4260343.02061,,,17N,NAD83,,0,GISQuad Map,2002-?,,,,,SHEN,,,,10/3/2006,8/16/2006,4,0.5,
2F239,2FBFH,2F239,Big Fill Hollow,Secondary,NA,,,,,,2070005,2070005001790,Page,Big Meadows,Little Hawksbill Creek,296,2,544,10,,,38.5552647989,-78.4273275429,724177.02803,4270563.79077,,,17N,NAD83,,0,Unknown-Debby,2002-?,,,,,SHEN,,,,10/3/2006,6/12/2006,4,0.5,
2F240,2FCHW,2F240,Crow Hollow,Secondary,NA,,,,,,2070005,2070005000260,Rockingham,Elkton East,Naked Creek,9,3,462,10,,,38.422500827,-78.5215882836,716359.106867,4255603.15146,,,17N,NAD83,,0,GISQuad Map,2002-?,,,,,SHEN,,,,10/3/2006,8/16/2006,4,0.5,
2F241,2FCR1,2F241,Collets Run,Secondary,NA,,,,,,2080103,2080103000635,Greene,Fletcher,South River,234,18,630,10,,,38.3958723008,-78.469417998,720995.262288,4252771.60697,720977.89938311,4252858.86421747,17N,NAD83,,2,Unknown-Debby,2002-?,,,,,SHEN,awilliams,1/18/2011,,1/18/2011,1/18/2011,3.3636362553,0.2457575798,
2F242,2FDD1,2F242,Devils Ditch,Secondary,NA,Devils Ditch,,,,,2080103,2080103000630,Greene,Fletcher,Conway River,82,16,874,10,,0,38.4354369158,-78.4680018072,720998.302701,4257166.07708,,,17N,NAD83,,0,GISQuad Map,2002-?,,,,,SHEN,,,,12/15/2004,,6.4391303062,0.3160869479,
2F243,2FDRF1,2F243,Dry Run Falls,Secondary,NA,,,,,,2070005,2070005000195,Rockingham,Elkton East,Dry Run,314,8,498,10,,,38.4033714958,-78.5345466665,715284.508329,4253449.75697,,,17N,NAD83,,0,GIS2FDRFA,2002-?,,,,,SHEN,,,,10/3/2006,6/12/2006,4,0.5,
2F244,2FER1,2F244,Elk Run,Secondary,NA,Elk Run,,,,,2070005,2070005002749,Rockingham,Elkton East,Elk Run,275,5,476,10,,,38.3803577219,-78.5491207335,714079.608229,4250861.67839,,,17N,NAD83,,0,GISPoint Ave - Garmin,2002-?,,,,,SHEN,,,,12/15/2004,,4,0.5,
2F245,2FHCV,2F245,Harris Cove,Secondary,NA,,,,,,2070005,2070005000313,Page,Elkton East,Naked Creek,220,7,491,10,,,38.494881009,-78.5162894262,716605.034477,4263648.69474,,,17N,NAD83,,0,GISQuad Map,2002-?,,,,,SHEN,,,,10/3/2006,9/5/2006,4,0.5,
2F247,2FLE1,2F247,Lee Run,Secondary,NA,Lee Run,,,,,2070005,2070005000320,Rockingham,Elkton East,Elk Run,314,5,400,10,,,38.3770488266,-78.5719448695,712095.35429,4250441.70815,,,17N,NAD83,,0,GISQuad Map,2002-?,,,,,SHEN,,,,12/15/2004,,3.8043477535,0.2981159389,
2F250,,2F250,Lewis Spring Falls,Secondary,Secondary,,,,2FLEW,,2070005,2070005000161,Page,Big Meadows,Hawksbill Creek,247,20,582,10,0,0,38.5232081822,-78.4586747391,721543.483413,4266929.8845,,,17N,NAD83,,0,,,,,,,SHEN,,,,10/3/2006,5/18/2006,5.1272726059,0.303132534,
2F251,2FSBN,2F251,South Branch Naked Creek,Secondary,NA,,,,,,2070005,2070005000259,Rockingham,Elkton East,Naked Creek,263,2,383,10,,,38.4296673877,-78.5379469721,714909.577094,4256360.23071,,,17N,NAD83,,0,GISQuad Map,2002-?,,,,,SHEN,,,,10/3/2006,9/5/2006,4,0.5,
2F252,VT58,2F252,Brokenback Run,Secondary,Secondary,Brokenback Run,VTSSS58,,,,2080103,2080103000979,Madison,Old Rag Mountain,Hughes River,11,21,345,10,2,2,38.5702036324,-78.3043325332,734847.617585,4272529.23352,,,17N,NAD83,,4,Centroids From GIS,,,,,,SHEN,,,,,,8.0880594254,0.3602599204,
2F253,LIM1,2F253,Whiteoak Canyon Run,Secondary,Primary,Whiteoak Canyon Run,2FLIM1,Y,LIM1,,2080103,2080103003424,Madison,Old Rag Mountain,Robinson River,101,9,951,10,3,16,38.577168696,-78.3715726899,728966.56613,4273132.4387,,,17N,NAD83,0,1,Unknown-Debby,2002-?,,,,,SHEN,,,,,,5.9214286804,0.2789650261,
2F254,BUR1,2F254,Big Ugly Run,NA,Secondary,Big Ugly Run,,,BUR1,,2070005,2070005002362,Rockingham,Elkton East,Naked Creek,26,15,383,10,,17,38.4254886792,-78.5431735863,714465.655591,4255884.28108,,,17N,NAD83,,0,Unknown-Debby,2002-?,,,,,SHEN,,,,,,3.7727272511,0.271471858,
2F255,CON1,2F255,Conway River,Secondary,Secondary,Conway River,,,CON1,,2080103,2080103000629,Greene,Fletcher,Conway River,41,14,663,10,,16,38.4587690858,-78.4431720554,723093.924146,4259815.49326,,,17N,NAD83,,0,GISQuad Map,2002-?,,,,,SHEN,,,,,,5.7340908051,0.2710698545,
2F300,2L300,2F300,Whiteoak Canyon Run (dropped),NA,Inactive,Whiteoak Canyon Run,,Y,2L300,,2080103,2080103000275,Madison,Old Rag Mountain,Robinson River,78,21,786,10,3,16,38.5638174838,-78.3644412266,729630.426221,4271668.40794,,,17N,NAD83,0,1,,,,,,,SHEN,,,,,,5.3948864937,0.5,
2F303,2L303,2F303,Hazel River (Current Site 1994-present),NA,Primary,Hazel River,2F071,Y,2L303,,2080103,2080103000160,Rappahannock,Old Rag Mountain,Hazel River,3,11,331,10,2,9,38.6149548511,-78.2625230087,738342.552679,4277604.01982,,,17N,NAD83,0,4,,,,,,,SHEN,,,,,,8.2815217972,0.3366867602,
2F306,2L306,2F306,Staunton River,NA,Primary,Staunton River,,Y,2L306,,2080103,2080103000455,Madison,Fletcher,Rapidan River,77,7,901,10,2,10,38.4671525746,-78.4182318295,725244.301365,4260806.69083,,,17N,NAD83,0,4,,,,,,,SHEN,,,,,,5.2955975533,0.2457492501,
2F314,PAN1,2F314,Thornton River S.F.,NA,Secondary,Thornton River S. Fork,,,PAN1,,2080103,2080103002685,Rappahannock,Thornton Gap,Thornton River,62,12,406,10,2,7,38.6604755504,-78.2961963707,735261.259855,4282569.47503,,,17N,NAD83,0,1,,,,,,,SHEN,,,,,,5.5545454025,0.5,
2F315,PASS1,2F315,Pass Run,NA,Secondary,Pass Run,,,PASS1,,2070005,2070005001417,Page,Thornton Gap,Pass Run,39,5,336,10,6,12,38.6615538733,-78.3722573763,728638.6247,4282496.62937,,,17N,NAD83,,1,Centroids From GIS,,,,,,SHEN,,,,,,5.4000000954,0.5,
2FVA10,2FVA10,2FVA10,Conway River (upper middle),Secondary,NA,Conway River,,,,,2080103,2080103000629,Greene,Fletcher,Conway River,263,16,439,10,0,0,38.432490059,-78.4339392919,723980.917,4256921.307,,,17N,NAD83,,0,GISQuad Map,2010-11-10,,,,,SHEN,,,,1/7/2009,1/7/2009,4,0.5,
2FVA4,2FVA4,2FVA4,Rapidan River,Primary,NA,Rapidan River,,,,,2080103,2080103000302,Madison,Fletcher,Rapidan River,270,5,507,10,,10,38.470943632,-78.3823615141,728362.30479,4261315.85567,728313.430356,4261389.85531,17N,NAD83,0,1,Trimble-GPS-Dan-1,Pre-2000,,,,,SHEN,,,,,,8.7145252228,0.4828291237,
2FVA5,2FVA5,2FVA5,Rapidan River,Primary,Primary,Rapidan River,,,2FVA5,,2080103,2080103000302,Madison,Fletcher,Rapidan River,53,11,678,10,5,7,38.4871267078,-78.4067021471,726187.881461,4263051.84295,726129.382053,4263123.34259,17N,NAD83,0,1,Trimble-GPS-Dan-1,Pre-2000,,,,,SHEN,,,,,,7.286611557,0.3645266294,
2FVA8,2FVA8,2FVA8,Conway River Lower (out of park),Secondary,NA,Conway River,,,,0,,,,,,,,,,0,0,38.4114372659,-78.4390072643,723603.433732,4254572.43851,,,17N,NAD83,,0,,,,,,,SHEN,,,,1/7/2009,1/7/2009,10.3000001907,0.4004761875,
2FVA9,2FVA9,2FVA9,Conway River (lower middle) (out of park),Secondary,NA,Conway River,,,,,,,,,,,,,,0,0,38.4180206069,-78.436568589,723796.064729,4255309.01457,,,17N,NAD83,,0,,,,,,,SHEN,,,,1/7/2009,1/7/2009,4,0.5,
3F018,3F018,3F018,Ivy Creek,Inactive,NA,Ivy Creek,,,3F018,1,2080204,2080204003258,Greene,McGaheysville,Lynch River,48,13,498,10,5,6,38.2796020826,-78.6406756161,706367.126988,4239471.21524,706217.124347,4239521.21404,17N,NAD83,0,4,Trimble-GPS-Dan-2,Pre-2000,,,,,SHEN,,,,,,5.375,0.5,
3F019,3F019,3F019,Ivy Creek,Secondary,Secondary,Ivy Creek,,,,,2080204,2080204003258,Greene,McGaheysville,Lynch River,80,11,627,10,5,6,38.2832693099,-78.6534720832,705237.356911,4239849.70607,705213.981006,4239701.70643,17N,NAD83,0,1,Trimble-GPS-Dan-2,Pre-2000,,,,,SHEN,,,,,,3.5571427345,0.3019171059,
3F020,3F020,3F020,Ivy Creek,Secondary,Secondary,Ivy Creek,,,3F020,,2080204,2080204003258,Greene,McGaheysville,Lynch River,245,13,682,10,5,6,38.2776407635,-78.6547543256,705141.040653,4239222.20764,705170.978421,4239127.20818,17N,NAD83,0,1,Trimble-GPS-Dan-2,Pre-2000,,,,,SHEN,,,,,,4.1636362076,0.2583333254,
3F021,3F021,3F021,Big Run,Secondary,Secondary,Big Run,,,3F021,,2070005,2070005000331,Rockingham,McGaheysville,Big Run,296,4,377,10,4,8,38.3063961675,-78.7035974739,700788.836924,4242306.16247,700737.085788,4242220.66249,17N,NAD83,0,1,Trimble-GPS-Dan-1,Pre-2000,,,,,SHEN,,,,,,9.6291952133,0.3354977369,
3F022,3F022,3F022,Big Run,Inactive,NA,Big Run,,,,,2070005,2070005000331,Rockingham,McGaheysville,Big Run,337,2,408,10,,,38.2889466747,-78.6980675445,701320.657868,4240381.67585,701375.971343,4240303.67662,17N,NAD83,0,1,Trimble-GPS-Dan-1,Pre-2000,,,,,SHEN,,,,,,8.5708332062,0.5,
3F023,3F023,3F023,Big Run,Secondary,NA,Big Run,,,,,2070005,2070005003934,Rockingham,McGaheysville,Big Run,31,5,446,10,,,38.2721791266,-78.6990573187,701280.404913,4238518.68449,701242.091613,4238436.18463,17N,NAD83,0,1,Trimble-GPS-Dan-1,Pre-2000,,,,,SHEN,,,,,,6.117442131,0.3757142723,
3F024,3F024,3F024,Madison Run,Inactive,NA,Madison Run,,,,,2070005,2070005000336,Rockingham,Grottoes,Madison Run,62,1,395,10,,,38.2584085408,-78.7786558236,694353.21459,4236820.15419,694444.839178,4236780.15484,17N,NAD83,0,1,Trimble-GPS-Dan-1,Pre-2000,,,,,SHEN,,,,,,5.3615384102,0.5,
3F025,3F025,3F025,Madison Run,Secondary,Primary,Madison Run,,,3F025,,2070005,2070005000336,Rockingham,Grottoes,Madison Run,224,1,429,10,2,8,38.254851951,-78.7584268925,696132.892717,4236468.16438,696212.642348,4236418.66504,17N,NAD83,0,1,Trimble-GPS-Dan-1,Pre-2000,,,,,SHEN,,,,,,6.7414999008,0.3399015963,
3F026,3F026,3F026,Madison Run,Inactive,NA,Madison Run,,,,,2070005,2070005000336,Rockingham,McGaheysville,Madison Run,246,2,444,10,,,38.252040209,-78.7482911387,697027.45345,4236177.67041,697114.642521,4236124.17125,17N,NAD83,0,1,Trimble-GPS-Dan-1,Pre-2000,,,,,SHEN,,,,,,3.7799999714,0.5,
3F041,3F041,3F041,Swift Run,Secondary,Secondary,Swift Run,,,3F041,,2080204,2080204000397,Greene,Swift Run Gap,Swift Run,50,3,408,10,2,16,38.3421138649,-78.5112755982,717500.276412,4246705.79394,717450.462855,4246710.29349,17N,NAD83,0,1,Trimble-GPS-Dan-2,Pre-2000,,,,,SHEN,,,,,,5.2262501717,0.3309052587,
3F042,3F042,3F042,Swift Run,Inactive,NA,Swift Run,,,,,2080204,2080204000399,Greene,Swift Run Gap,Swift Run,150,3,438,10,,,38.3461915498,-78.5191629534,716798.702332,4247139.78757,716706.824931,4247100.28672,17N,NAD83,0,1,Trimble-GPS-Dan-2,Pre-2000,,,,,SHEN,,,,,,5.3899998665,0.5,
3F043,3F043,3F043,Swift Run,Secondary,Secondary,Swift Run,,,3F043,,2080204,2080204000399,Greene,Swift Run Gap,Swift Run,168,6,532,10,2,16,38.3489521043,-78.5334142145,715544.926657,4247412.77587,715444.549815,4247462.27491,17N,NAD83,0,1,Trimble-GPS-Dan-2,Pre-2000,,,,,SHEN,,,,,,4.2035713196,0.3046078384,
3F044,3F044,3F044,Moormans River N.F.,Primary,Primary,Moormans River N. Fork,,,3F044,,2080204,2080204000635,Albemarle,Browns Cove,Moormans River,206,5,498,10,3,6,38.1828803397,-78.7380947494,698107.306042,4228524.30978,698080.242029,4228623.30786,17N,NAD83,0,1,Trimble-GPS-Dan-1,Pre-2000,,,,,SHEN,,,,,,8.0387620926,0.352365464,
3F045,3F045,3F045,Moormans River N.F.,Primary,NA,Moormans River N. Fork,,,,,2080204,2080204001728,Albemarle,Browns Cove,Moormans River,248,7,418,10,,6,38.1642290802,-78.7440062327,697639.885689,4226441.84327,697606.696487,4226549.84116,17N,NAD83,0,1,Trimble-GPS-Dan-1,Pre-2000,,,,,SHEN,,,,,,7.077272892,0.384365797,
3F046,3F046,3F046,Moormans River N.F.,Inactive,NA,Moormans River N. Fork,,,,,2080204,2080204000450,Albemarle,Browns Cove,Moormans River,260,12,315,10,,,38.1419437592,-78.7495625407,697213.096463,4223956.88391,697241.283054,4224064.88221,17N,NAD83,0,1,Trimble-GPS-Dan-2,Pre-2000,,,,,SHEN,,,,,,9.1636362076,0.5,
3F077,3F077,3F077,Turk Branch,Inactive,NA,Turk Branch,,,,,2080204,2080204002105,Albemarle,Waynesboro East,Moormans River,15,13,439,10,,,38.1187065125,-78.7678405648,695673.202985,4221339.41377,695604.203728,4221323.91333,17N,NAD83,,0,Trimble-GPS-Dan-2,Pre-2000,,,,,SHEN,,,,,,4,0.5,
3F078,3F078,3F078,Big Branch,Inactive,NA,Big Branch,,,,,2080204,2080204000636,Albemarle,Browns Cove,Moormans River,59,6,438,10,,,38.1657424018,-78.7453877268,697514.757061,4226606.83956,697419.567893,4226637.3384,17N,NAD83,0,1,Trimble-GPS-Dan-2,Pre-2000,,,,,SHEN,,,,,,5.172727108,0.5,
3F079,3F079,3F079,Big Branch,Secondary,NA,Big Branch,,,,,2080204,2080204000636,Albemarle,Browns Cove,Moormans River,156,21,475,10,,,38.1664840516,-78.7471746794,697356.191459,4226685.33714,697289.127827,4226702.83639,17N,NAD83,0,1,Trimble-GPS-Dan-1,Pre-2000,,,,,SHEN,,,,,,4.8607692719,0.2951851785,
3F080,3F080,3F080,Big Branch,Inactive,NA,Big Branch,,,,,2080204,2080204000636,Albemarle,Crimora,Moormans River,81,16,553,10,,,38.1705730751,-78.7541313746,696735.685773,4227124.3248,696686.873484,4227135.32422,17N,NAD83,0,1,Trimble-GPS-Dan-2,Pre-2000,,,,,SHEN,,,,,,5.6772727966,0.5,
3F081,3F081,3F081,Pond Ridge Branch,Inactive,NA,Pond Ridge Branch,,,,,2080204,2080204000123,Albemarle,Crimora,Moormans River,174,14,319,10,,,38.1405000972,-78.7518146211,697019.599629,4223791.88502,696943.161708,4223873.38291,17N,NAD83,,0,Trimble-GPS-Dan-2,Pre-2000,,,,,SHEN,,,,,,4,0.5,
3F082,3F082,3F082,Moormans River S.F.,Secondary,Secondary,Moormans River S. Fork,,,SFM01,,2080204,2080204000449,Albemarle,Waynesboro East,Moormans River,0,8,439,10,,,38.1187176673,-78.7667680509,695767.202194,4221342.91466,695725.45382,4221239.41597,17N,NAD83,,2,Trimble-GPS-Dan-2,Pre-2000,,,,,SHEN,awilliams,1/18/2011,,1/18/2011,1/18/2011,5.9625000954,0.2535218596,
3F083,3F083,3F083,Moormans River S.F.,Secondary,NA,Moormans River S. Fork,,,,,2080204,2080204000449,Albemarle,Waynesboro East,Moormans River,42,14,490,10,,,38.1130063418,-78.7706479506,695442.27533,4220700.92207,695381.776275,4220664.42205,17N,NAD83,,2,Trimble-GPS-Dan-2,Pre-2000,,,,,SHEN,awilliams,1/18/2011,,1/18/2011,1/18/2011,6.2454547882,0.3533333242,
3F084,3F084,3F084,Moormans River N.F.,Primary,Primary,Moormans River N. Fork,,,3F084,,2080204,2080204000450,Albemarle,Browns Cove,Moormans River,231,11,338,10,3,6,38.1479349075,-78.748801521,697263.651792,4224623.3726,697335.901733,4224708.87159,17N,NAD83,0,1,Trimble-GPS-Dan-2,Pre-2000,,,,,SHEN,,,,,,8.3084383011,0.3932486176,
3F085,3F085,3F085,Moormans River N.F.,Inactive,NA,Moormans River N. Fork,,,,,2080204,2080204000635,Albemarle,Browns Cove,Moormans River,94,6,478,10,,,38.17522904,-78.7399072833,697969.251219,4227671.32387,697962.813065,4227720.82296,17N,NAD83,0,1,Trimble-GPS-Dan-2,Pre-2000,,,,,SHEN,,,,,,8.5050001144,0.5,
3F086,3F086,3F086,Doyles River,Inactive,NA,Doyles River,,,,,2080204,2080204000118,Albemarle,Browns Cove,Doyles River,111,3,372,10,,,38.2227406616,-78.6866175873,702505.95193,4233059.25772,702452.26279,4233140.25593,17N,NAD83,0,1,Trimble-GPS-Dan-1,Pre-2000,,,,,SHEN,,,,,,6.4545454979,0.5,
3F087,3F087,3F087,Doyles River,Secondary,Secondary,Doyles River,,,3F087,,2080204,2080204000118,Albemarle,Browns Cove,Doyles River,206,4,435,10,3,6,38.2296260319,-78.6930879781,701920.435145,4233809.24061,701862.620975,4233882.73894,17N,NAD83,0,1,Trimble-GPS-Dan-1,Pre-2000,,,,,SHEN,,,,,,6.047727108,0.3315624893,
3F088,3F088,3F088,Doyles River,Inactive,NA,Doyles River,,,,,2080204,2080204000442,Albemarle,Browns Cove,Doyles River,221,13,568,10,,,38.2387324759,-78.6910864755,702070.42792,4234824.22343,702112.802653,4234927.72184,17N,NAD83,0,1,Trimble-GPS-Dan-2,Pre-2000,,,,,SHEN,,,,,,4,0.5,
3F097,3F097,3F097,Big Run,Inactive,NA,Big Run,,,,,2070005,2070005000331,Rockingham,McGaheysville,Big Run,276,2,397,10,,,38.2971342778,-78.6997454017,701151.280613,4241286.67024,701122.029922,4241188.1705,17N,NAD83,0,1,Trimble-GPS-Dan-1,Pre-2000,,,,,SHEN,,,,,,9.7954540253,0.5,
3F098,3F098,3F098,Eppert Hollow Run,Inactive,NA,Eppert Hollow Run,,,,,2070005,2070005003994,Rockingham,McGaheysville,Big Run,275,3,472,10,,,38.2656758559,-78.6989540133,701307.404582,4237797.18812,701390.093557,4237778.18874,17N,NAD83,0,1,Trimble-GPS-Dan-1,Pre-2000,,,,,SHEN,,,,,,6.4545454979,0.5,
3F099,3F099,3F099,Two Mile Run,Primary,NA,Twomile Run,,,,,2070005,2070005000329,Rockingham,McGaheysville,Twomile Run,236,13,435,10,,1,38.3222921884,-78.659675762,704584.981826,4244166.68521,704617.419752,4244077.68582,17N,NAD83,0,1,Trimble-GPS-Dan-1,Pre-2000,,,,,SHEN,,,,,,3.5666666031,0.5,
3F100,3F100,3F100,Rocky Mt. Run,Inactive,NA,Rocky Mt. Run,,,,,2070005,2070005000333,Rockingham,McGaheysville,Big Run,38,4,414,10,,,38.2865943346,-78.6952866007,701570.412368,4240126.67886,701626.100881,4240083.17946,17N,NAD83,0,1,Trimble-GPS-Dan-2,Pre-2000,,,,,SHEN,,,,,,6.860833168,0.5,
3F101,3F101,3F101,Big Run,Secondary,Secondary,Big Run,,,3F101,,2070005,2070005004057,Rockingham,McGaheysville,Big Run,314,9,500,10,4,6,38.2609115,-78.7020608011,701048.711858,4237261.68906,701026.58638,4237178.18933,17N,NAD83,0,1,Trimble-GPS-Dan-1,Pre-2000,,,,,SHEN,,,,,,4.944029808,0.2612455487,
3F102,3F102,3F102,Two Mile Run,Inactive,NA,Twomile Run,,,,,2070005,2070005000329,Rockingham,McGaheysville,Twomile Run,233,5,396,10,,,38.3296540523,-78.6678260237,703851.780846,4244965.67585,703895.656617,4244897.6765,17N,NAD83,0,1,Trimble-GPS-Dan-1,Pre-2000,,,,,SHEN,,,,,,4.4318470955,0.3005154729,
3F103,3F103,3F103,Two Mile Run,Primary,Primary,Twomile Run,3L303,Y,3L303,,2070005,2070005000329,Rockingham,McGaheysville,Twomile Run,253,3,371,10,,1,38.3342200921,-78.671562044,703512.399722,4245464.17086,703579.151001,4245391.17175,17N,NAD83,0,1,Trimble-GPS-Dan-1,Pre-2000,,,,,SHEN,,,,,,5.0665950775,0.3255329728,
3F104,3F104,3F104,Lower Lewis Run,Inactive,NA,Lower Lewis Run,,,,,2070005,2070005000219,Rockingham,McGaheysville,Lower Lewis Run,24,4,414,10,,,38.3007755081,-78.7328800224,698243.472748,4241619.14642,698340.224699,4241579.14738,17N,NAD83,0,1,Trimble-GPS-Dan-1,Pre-2000,,,,,SHEN,,,,,,2.8153846264,0.5,
3F105,3F105,3F105,Lower Lewis Run,Secondary,Primary,Lower Lewis Run,,,3F105,,2070005,2070005000219,Rockingham,McGaheysville,Lower Lewis Run,40,20,448,10,1,1,38.2966965308,-78.7276743816,698709.857128,4241177.65246,698767.983283,4241110.15327,17N,NAD83,0,1,Trimble-GPS-Dan-1,Pre-2000,,,,,SHEN,,,,,,4.3342208862,0.2644084096,
3F106,3F106,3F106,Lower Lewis Run,Inactive,NA,Lower Lewis Run,,,,,2070005,2070005000219,Rockingham,McGaheysville,Lower Lewis Run,36,6,464,10,,,38.2936182811,-78.7257588074,698885.79811,4240840.15565,698916.236207,4240800.65609,17N,NAD83,0,1,Trimble-GPS-Dan-2,Pre-2000,,,,,SHEN,,,,,,2.6181817055,0.5,
3F107,3F107,3F107,Meadow Run,Primary,Primary,Meadow Run,,,3F107,,2070005,2070005000583,Augusta,Crimora,Meadow Run,254,2,449,10,1,1,38.1589301601,-78.8118352355,691710.802248,4225711.30654,691780.114433,4225696.80735,17N,NAD83,0,1,Trimble-GPS-Dan-2,Pre-2000,,,,,SHEN,,,,,,6.4025316238,0.2968841195,
3F108,3F108,3F108,Meadow Run,Inactive,NA,Meadow Run,,,,,2070005,2070005000583,Augusta,Crimora,Meadow Run,294,9,478,10,,,38.1602230044,-78.8031358138,692469.669641,4225872.81042,692543.918347,4225931.31012,17N,NAD83,0,1,Trimble-GPS-Dan-1,Pre-2000,,,,,SHEN,,,,,,4.6583333015,0.5,
3F109,3F109,3F109,Meadow Run,Primary,Primary,Meadow Run,,,3F109,,2070005,2070005000583,Augusta,Crimora,Meadow Run,247,11,511,10,1,1,38.165343873,-78.7960648876,693075.720258,4226455.8062,693146.406513,4226513.30586,17N,NAD83,0,1,Trimble-GPS-Dan-1,Pre-2000,,,,,SHEN,,,,,,5.0691804886,0.3182297051,
3F123,3F123,3F123,Paine Run,Primary,Primary,Paine Run,3L301,Y,3L301,,2070005,2070005000245,Augusta,Crimora,Paine Run,302,2,425,10,,1,38.1987236744,-78.7933720349,693223.421692,4230165.74766,693305.421546,4230134.74873,17N,NAD83,0,1,Trimble-GPS-Dan-1,Pre-2000,,,,,SHEN,,,,,,6.663066864,0.3732552826,
3F124,3F124,3F124,Paine Run,Primary,Secondary,Paine Run,,,3F124,,2070005,2070005000245,Augusta,Crimora,Paine Run,323,2,448,10,1,1,38.1947639869,-78.7840752078,694048.109059,4229745.76025,694100.234863,4229654.76211,17N,NAD83,0,1,Trimble-GPS-Dan-1,Pre-2000,,,,,SHEN,,,,,,4.9204139709,0.3714984655,
3F125,3F125,3F125,Paine Run,Primary,Secondary,Paine Run,,,3F125,,2070005,2070005000245,Augusta,Crimora,Paine Run,325,14,461,10,1,1,38.195575065,-78.7781217557,694567.3543,4229848.26219,694639.290541,4229910.26167,17N,NAD83,0,1,Trimble-GPS-Dan-1,Pre-2000,,,,,SHEN,,,,,,5.4187917709,0.3370567262,
3F126,3F126,3F126,Onemile Run,Primary,Primary,Onemile Run,,,3F126,,2070005,2070005000241,Rockingham,McGaheysville,Onemile Run,300,4,378,10,1,1,38.3245993753,-78.6862618696,702254.182784,4244364.16471,702327.434201,4244283.66569,17N,NAD83,0,1,Trimble-GPS-Dan-1,Pre-2000,,,,,SHEN,,,,,,5.7701683044,0.2886734307,
3F127,3F127,3F127,Onemile Run,Inactive,NA,Onemile Run,,,,,2070005,2070005000242,Rockingham,McGaheysville,Onemile Run,343,4,412,10,,,38.3186018511,-78.68119632,702713.753781,4243709.67146,702801.255512,4243657.67241,17N,NAD83,0,1,Trimble-GPS-Dan-1,Pre-2000,,,,,SHEN,,,,,,3.8458333015,0.5,
3F128,3F128,3F128,Onemile Run,Primary,Secondary,Onemile Run,,,3F128,,2070005,2070005000242,Rockingham,McGaheysville,Onemile Run,322,13,451,10,1,1,38.3144723273,-78.6719667914,703532.269908,4243271.68002,703630.20954,4243313.18065,17N,NAD83,0,1,Trimble-GPS-Dan-1,Pre-2000,,,,,SHEN,,,,,,3.877664566,0.343037039,
3F143,3F143,3F143,Sawmill Run,Secondary,Primary,Sawmill Run,,,3F143,,2070005,2070005000258,Augusta,Waynesboro East,Sawmill Run,153,2,463,10,1,16,38.0970189951,-78.8076624722,692238.825193,4218849.41764,692267.698806,4218937.41659,17N,NAD83,0,1,Trimble-GPS-Dan-1,Pre-2000,,,,,SHEN,,,,,,5.1055264473,0.3079443574,
3F144,3F144,3F144,Sawmill Run,Secondary,NA,Sawmill Run,,,,,2070005,2070005000258,Augusta,Waynesboro East,Sawmill Run,197,1,470,10,,,38.0989471069,-78.8047533843,692488.882757,4219069.41696,692562.006204,4219142.41662,17N,NAD83,0,1,Trimble-GPS-Dan-1,Pre-2000,,,,,SHEN,,,,,,4.7801585197,0.3191071451,
3F200,3F200,3F200,Moormans River N.F.,Secondary,NA,Moormans River N. Fork,,,,,2080204,2080204000628,Albemarle,Browns Cove,Moormans River,209,6,580,10,,,38.2014774098,-78.7288393394,698867.425879,4230607.98233,698893.20847874,4230680.61747181,17N,NAD83,3.0999999046,2,Garmin-GPS-Dave,2009/06/03 09:59:27,,Boundary Tree,,,SHEN,awilliams,1/18/2011,,1/18/2011,1/18/2011,6.3363637924,0.3803030252,
3F201,3F201,3F201,Moormans River N.F.,Secondary,NA,Moormans River N. Fork,,,,,2080204,2080204000628,Albemarle,Browns Cove,Moormans River,290,15,678,10,,,38.2106747877,-78.7215282311,699482.563455,4231644.40665,699521.60980253,4231724.38891614,17N,NAD83,,2,Garmin-GPS-Dave,2009/06/03 14:07:36,,,,,SHEN,awilliams,1/18/2011,,1/18/2011,1/18/2011,5.1272726059,0.3166666627,
3F202,3F202,3F202,Big Mine Branch,Secondary,NA,,,,,,2070005,2070005005001,Augusta,Crimora,Mine Branch,13,4,487,10,,,38.1381247356,-78.807077349,692182.314177,4223412.29119,692241.3753237,4223342.74146971,17N,NAD83,,2,Garmin-GPS-Dave,2009/06/25 08:54:31,,,,,SHEN,awilliams,1/18/2011,,1/18/2011,1/18/2011,3.663636446,0.2739394009,
3F203,3F203,3F203,Hangman Run,Secondary,NA,,,,,,2070005,2070005003607,Rockingham,McGaheysville,Hangman Run,279,2,358,10,,,38.3126798472,-78.7260982837,698804.042155,4242954.8444,698792.19465326,4242875.44607916,17N,NAD83,,2,Garmin-GPS-Dave,2009/06/25 15:39:11,,,,,SHEN,awilliams,1/18/2011,,1/18/2011,1/18/2011,2.5,0.3575757444,
3F204,3F204,3F204,Gap Run,Secondary,NA,,,,,,2070005,2070005000209,Rockingham,McGaheysville,Gap Run,345,3,351,10,,,38.352538466,-78.6425463271,705996.868397,4247561.51896,706010.27843821,4247487.07846033,17N,NAD83,,2,Garmin-GPS-Dave,2009/06/29 14:59:11,,,,,SHEN,awilliams,1/18/2011,,1/18/2011,1/18/2011,3.9916667938,0.3433333337,
3F206,3F206,3F206,West Swift Run,Secondary,NA,Swift Run,,,,,2070005,2070005000318,Rockingham,Swift Run Gap,Elk Run,265,5,419,10,0,0,38.365765861,-78.5796477857,711455.252749,4249171.81396,711476.12240626,4249076.6669939,17N,NAD83,,2,Garmin-GPS-Dave,2009/07/13 10:56:31,,,,,SHEN,awilliams,1/18/2011,,1/18/2011,1/18/2011,2.7818181515,0.2787878811,
3F207,3F207,3F207,Gap Run,Secondary,NA,,,,,,2070005,2070005003223,Rockingham,McGaheysville,Gap Run,37,5,400,10,,,38.3364587088,-78.6312591715,707029.07921,4245802.23557,707016.02620825,4245709.73843304,17N,NAD83,,2,Garmin-GPS-Dave,2009/07/22 13:39:50,,,,,SHEN,awilliams,1/18/2011,,1/18/2011,1/18/2011,3.1272726059,0.2463636398,
3F220,3F220,3F220,Ivy Creek Tributary,Secondary,NA,,,,,,2080204,2080204001068,Greene,Swift Run Gap,Lynch River,127,2,409,10,0,0,38.2823905795,-78.6236410371,707849.363583,4239818.85562,707869.64817274,4239928.53689258,17N,NAD83,,2,Garmin-GPS-Dave,2009/09/02 09:25:20,,,,,SHEN,awilliams,1/18/2011,,1/18/2011,1/18/2011,2.7125000954,0.2789655328,
3F257,3FBR1,3F257,Big Run (boundry site),Secondary,NA,Big Run,,,,,2070005,2070005000331,Rockingham,McGaheysville,Big Run,14,13,347,10,,,38.3135248262,-78.70546917,700605.51134,4243093.22514,,,17N,NAD83,,0,Garmin-GPS-Dave,2010/08/09 14:09:19,,,,,SHEN,,,,12/15/2004,,6.3228569031,0.410857141,
3F259,3FCSH1,3F259,Cool Spring Hollow,Secondary,NA,,,,,,2070005,2070005000234,Augusta,Crimora,Mine Branch,307,5,502,10,,,38.1448748916,-78.8001545334,692771.312053,4224175.7568,,,17N,NAD83,,0,GISPoint Ave - Garmin,2002-?,,,,,SHEN,,,,10/3/2006,6/12/2006,4,0.5,
3F260,3FDH1,3F260,Dorsey Hanger Hollow,Secondary,NA,,,,,,2070005,2070005000279,Augusta,Crimora,Meadow Run,245,1,560,10,,,38.1522735523,-78.7944761621,693249.430831,4225008.6425,,,17N,NAD83,,0,Garmin-GPS-Dave,2009/07/14 17:35:56,,,,,SHEN,,,,12/7/2009,12/7/2009,2.7090909481,0.25090909,
3F261,3FEHL,3F261,Eaton Hollow,Secondary,NA,,,,,,2070005,2070005003206,Rockingham,Swift Run Gap,Hawksbill Creek,325,2,481,10,,,38.3340983682,-78.6001386813,709756.20213,4245610.54055,,,17N,NAD83,,0,GIS,2002-?,,,,,SHEN,,,,10/3/2006,9/5/2006,4,0.5,
3F262,3FHB1,3F262,Hawksbill Creek,Secondary,Secondary,Hawksbill Creek (Beldor),,,3FHB1,,2070005,2070005000324,Rockingham,Swift Run Gap,Hawksbill Creek,320,5,333,10,,14,38.370922355,-78.6022186692,709468.194159,4249692.59071,,,17N,NAD83,,0,GISQuad Map,2002-?,,,,,SHEN,,,,,,8.941573143,0.3817784488,
3F263,3FHB2,3F263,Hawksbill Creek,Secondary,Secondary,Hawksbill Creek (Beldor),,,3FHB2,,2070005,2070005000325,Rockingham,McGaheysville,Hawksbill Creek,77,13,467,10,,6,38.3171150207,-78.6318312718,707034.128512,4243654.18314,,,17N,NAD83,,0,GISQuad Map,2002-?,,,,,SHEN,,,,,,4.8656716347,0.2775896788,
3F264,3FUL1,3F264,UPPER LEWIS RUN,Secondary,NA,Upper Lewis Run,,,,,2070005,2070005000334,Rockingham,McGaheysville,Lower Lewis Run,78,3,414,10,,,38.2912895412,-78.7483468777,696916.495097,4240533.33879,,,17N,NAD83,,0,GISQuad Map,2002-?,,,,,SHEN,,,,12/15/2004,,4.8333334923,0.3574999869,
3F265,DEEP1,3F265,Deep Run,Secondary,Secondary,Deep Run,,,DEEP1,,2070005,2070005000192,Rockingham,Grottoes,Deep Run,20,9,439,10,1,1,38.275271086,-78.7612465628,695831.285139,4238728.24285,,,17N,NAD83,,1,Unknown-Debby,2002-?,,,,,SHEN,,,,,,4.1151514053,0.26650846,
3F266,MillerRun,3F266,Miller Run,Secondary,NA,,,,,,2070005,2070005000225,Rockingham,Crimora,Miller Run,312,1,426,10,0,0,38.2471384927,-78.7880464884,693561.405594,4235549.75054,,,17N,NAD83,,2,Unknown-Debby,2002-?,,,,,SHEN,awilliams,1/18/2011,,1/18/2011,1/18/2011,4,0.5,
3F267,Rocky1,3F267,Tributary to Rocky Bar,Secondary,NA,,,,,,2080204,2080204001223,Albemarle,Browns Cove,Buck Mountain Creek,144,17,512,10,0,0,38.2410192791,-78.6542003601,705292.597419,4235159.22605,705059.86088916,4235107.41128069,17N,NAD83,,2,Garmin-GPS-Dave,2009/07/01 10:00:06,,,,,SHEN,awilliams,1/18/2011,,1/18/2011,1/18/2011,4,0.5,
3F268,Rocky2,3F268,Rocky Bar Hollow Tributary #2,Secondary,NA,,,,,,2080204,2080204000430,Albemarle,Browns Cove,Buck Mountain Creek,127,10,471,10,0,0,38.2422598887,-78.650862431,705581.258702,4235304.32051,705530.40136603,4235365.30063155,17N,NAD83,,2,Garmin-GPS-Dave,2009/07/01 11:53:18,,,,,SHEN,awilliams,1/18/2011,,1/18/2011,1/18/2011,2.5,0.5,
3F270,StullRun,3F270,Stull Run,Secondary,NA,,,,,,2070005,2070005000421,Augusta,Crimora,Stull Run,319,2,458,10,0,0,38.2268308027,-78.7902750857,693420.186192,4233291.42194,,,17N,NAD83,,2,GISQuad Map,2010-11-10,,,,,SHEN,awilliams,1/18/2011,,1/18/2011,1/18/2011,4,0.5,
3F271,WOR1,3F271,Whiteoak Run,NA,Primary,Whiteoak Run,,,WOR1,,2070005,2070005000338,Rockingham,McGaheysville,Madison Run,350,3,444,10,1,18,38.2513611204,-78.7488734203,696978.33103,4236101.06686,,,17N,NAD83,0,1,Garmin-GPS-Dave,2009/06/10 10:34:56,,,,,SHEN,,,,,,5.457575798,0.3004064262,
3F300,3L300,3F300,Paine Run,NA,Primary,Paine Run,,Y,3L300,,2070005,2070005000245,Augusta,Crimora,Paine Run,144,14,559,10,1,20,38.2091422901,-78.7534101234,696695.056268,4231406.11194,,,17N,NAD83,0,4,,,,,,,SHEN,,,,,,4.1032571793,0.2405349761,
3F302,3L302,3F302,Twomile Run,NA,Primary,Twomile Run,,Y,3L302,,2070005,2070005000329,Rockingham,McGaheysville,Twomile Run,55,10,510,10,1,20,38.3111852097,-78.6496279133,705494.821675,4242956.34456,,,17N,NAD83,0,4,,,,,,,SHEN,,,,,,3.9374125004,0.2616037726,
3F311,LOFT,3F311,Eppert Hollow Run,NA,Secondary,Eppert Hollow Run,,,LOFT,,2070005,2070005004015,Rockingham,McGaheysville,Big Run,288,10,793,10,2,13,38.259631752,-78.665920032,704214.692403,4237198.86591,,,17N,NAD83,0,1,,,,,,,SHEN,,,,,,4.1681818962,0.2219166607,
3F312,ONE3,3F312,Onemile Run,NA,Secondary,Onemile Run,,,ONE3,,2070005,2070005000242,Rockingham,McGaheysville,Onemile Run,56,17,532,10,1,20,38.3075065017,-78.6603250352,704569.782976,4242524.33661,,,17N,NAD83,0,1,,,,,,,SHEN,,,,,,3.8590908051,0.5,
3FPR1,3FPR1,3FPR1,Paine Run (@ 340 Bridge) (out of park),Secondary,NA,Paine Run,,,,0,2070005,2070005000245,Augusta,Crimora,Paine Run,23,2,354,10,,,38.2087146936,-78.8326800178,689755.073066,4231193.2049,,,17N,NAD83,,0,,,,,,,SHEN (out),,,,12/15/2004,,4,0.5,
3FPR2,3FPR2,3FPR2,Paine Run (out of park),Secondary,NA,Paine Run,,,,,2070005,2070005000245,Augusta,Crimora,Paine Run,336,2,408,10,,,38.2014662505,-78.8033294723,692344.177158,4230449.37407,,,17N,NAD83,,0,,,,,,,SHEN (out),,,,12/15/2004,,4,0.5,
BIGRUN,3FBRL,BIGRUN,Big Run Lower - (Exotic),Removal,NA,Big Run,,,,1,2070005,2070005000331,Rockingham,McGaheysville,Big Run,354,16,347,10,0,0,38.3134989767,-78.7053858977,700612.86382,4243090.53727,701456.435896,4239898.27316,17N,NAD83,,2,01-SEP-10 10:56:19  Last SMB,01-SEP-10 10:56:19,,,,,SHEN,awilliams,1/25/2011,,10/3/2006,,4,0.5,
BM,BM,BM,Big Meadows Effluent,NA,Secondary,Big Meadows Effluent,,,BM,,2070005,2070005000161,Page,Big Meadows,Hawksbill Creek,286,25,910,10,3,4,38.5203927669,-78.4481380089,722470.847818,4266642.85902,,,17N,NAD83,,4,Map,,,,,,SHEN,,,,,,4,0.5,
BROKENBACK,BROKENBACK,BROKENBACK,Brokenback Run - Exotic Fish Removal,Removal,NA,Brokenback Run,,,,,2080103,2080103000979,Madison,Old Rag Mountain,Hughes River,339,3,279,10,0,0,38.5736682685,-78.296271981,735538.650426,4272934.42443,734847.72201144,4272580.02593862,17N,NAD83,,2,shen_fish_2009_temp_pts.shp,,,,,,SHEN,awilliams,1/18/2011,,1/18/2011,1/18/2011,4,0.5,
GML01,GML01,GML01,Rose River (out of park),Secondary,NA,Rose River,,,,0,,,,,,,,,,0,0,38.4871832152,-78.3270502794,733136.077848,4263256.98373,,,17N,NAD83,,0,,,,,,,SHEN,,,,10/3/2006,,4,0.5,
HAPPY,1FHAP1,HAPPY,Happy Creek - Exotic Site,Removal,NA,Happy Creek,,,,1,2070005,2070005000212,Warren,Front Royal,Happy Creek,230,10,208,10,0,0,38.896812305,-78.1813389837,744447.974241,4309103.08821,745314.636733,4308271.49808,17N,NAD83,,4,Added Headup Digitize 1/25/11,,,,,,SHEN,awilliams,1/25/2011,,12/7/2009,12/7/2009,4,0.5,
HUGHES,HUGHE,HUGHES,Hughes River,Removal,NA,Hughes River,,,,,2080103,2080103000165,Madison,Old Rag Mountain,Hughes River,81,2,277,10,,,38.5740765776,-78.2963002097,735534.856429,4272979.67052,733101.466439,4275096.03476,17N,NAD83,,2,CRTD 11:45 24-AUG-06,24-AUG-06 11:45,,,,,SHEN,awilliams,1/25/2011,,,,4,0.5,
MOORMANS,NFMOR,MOORMANS,Moormans N.F.,Removal,NA,Moormans River N. Fork,,,,,2080204,2080204000450,Albemarle,Browns Cove,Moormans River,101,10,320,10,,,38.1423640157,-78.7497890169,697192.11534,4224003.04025,697354.250858,4225858.8126,17N,NAD83,,4,Added Headup Digitize 10/26/06,14-SEP-06 14:00,,,,,SHEN,awilliams,1/25/2011,,,,4,0.5,
NPI02,NPI02,NPI02,Piney River,NA,Secondary,Piney River,,,NPI02,,2080103,2080103000155,Rappahannock,Thornton Gap,Piney River,200,12,671,10,3,7,38.739091623,-78.2886075273,735663.309349,4291314.79778,,,17N,NAD83,0,1,,,,,,,SHEN,,,,,,4.4000000954,0.5,
NPR1,NPR1,NPR1,Paine Run,NA,Secondary,Paine Run,,,NPR1,,2070005,2070005000245,Augusta,Crimora,Paine Run,335,16,458,10,1,1,38.1944061459,-78.7814376713,694280.056314,4229711.57883,,,17N,NAD83,0,1,,,,,,,SHEN,,,,,,5.1999998093,0.5,
NPR3,NPR3,NPR3,Paine Run,NA,Secondary,Paine Run,,,NPR3,,2070005,2070005000245,Augusta,Crimora,Paine Run,293,3,483,10,1,20,38.1975763167,-78.7678718097,695459.685117,4230091.93883,,,17N,NAD83,0,1,Ltem_aq,,,,,,SHEN,,,,,,4.9000000954,0.5,
PAIN,VT35,PAIN,Paine Run,NA,NA,Paine Run,3F123,PR01,3L301,,XXXX,,AUGUSTA,CRIMORA,PAINE RUN,,0,424,10,,,38.1986,-78.7934,693221.299669,4230151.96449,,,17N,NAD83,0,0,SWAS NPSTORET,,,,,,SHEN,,,,,,4,0.5,
PASSRUN,PASS,PASSRUN,Pass Run,Removal,NA,Pass Run,,,,,2070005,2070005001417,Page,Luray,Pass Run,36,1,322,10,,,38.6667824322,-78.3780892322,728114.516538,4283062.41444,730254.367055,4281445.73153,17N,NAD83,,4,Added Headup Digitize 1/25/11,,,,,,SHEN,awilliams,1/25/2011,,,,4,0.5,
PI02,PI02,PI02,Piney River,NA,Secondary,Piney River,,,PI02,,2080103,2080103002374,Rappahannock,Thornton Gap,Piney River,170,6,390,10,3,10,38.7049347402,-78.2705748169,737343.959155,4287570.22018,,,17N,NAD83,0,4,str_grab,,,,,,SHEN,awilliams,1/25/2011,,,,2.2999999523,0.5,
PI25,PI25,PI25,Piney River,NA,Secondary,Piney River,,,PI25,,2080103,2080103002143,Rappahannock,Thornton Gap,Piney River,297,16,772,10,3,7,38.7453779022,-78.2809415177,736308.979443,4292032.31131,,,17N,NAD83,0,4,str_grab,,,,,,SHEN,awilliams,1/25/2011,,,,4,0.5,
PI26,PI26,PI26,Piney River,NA,Secondary,Piney River,,,PI26,,2080103,2080103002144,Rappahannock,Thornton Gap,Piney River,131,12,781,10,3,7,38.7464846789,-78.2812676506,736276.980093,4292154.31381,,,17N,NAD83,0,4,str_grab,,,,,,SHEN,awilliams,1/25/2011,,,,3.2000000477,0.5,
PI27,PI27,PI27,Piney River,NA,NA,Piney River,,,,,2080103,2080103000155,Rappahannock,Thornton Gap,Piney River,293,3,755,10,,,38.7448201636,-78.282527243,736172.982994,4291966.31017,,,17N,NAD83,0,4,str_grab,,,,,,SHEN,awilliams,1/25/2011,,,,4,0.5,
PI29,PI29,PI29,Piney River,NA,Secondary,Piney River,,,PI29,,2080103,2080103002188,Rappahannock,Thornton Gap,Piney River,105,20,695,10,3,4,38.7399913898,-78.2887496266,735647.997104,4291414.2998,,,17N,NAD83,0,4,str_grab,,,,,,SHEN,awilliams,1/25/2011,,,,2.7999999523,0.5,
PR04,PR04,PR04,Paine Run,NA,Secondary,Paine Run,,,PR04,,2070005,2070005000245,Augusta,Crimora,Paine Run,82,17,444,10,1,1,38.1963614933,-78.7888336078,693627.134988,4229913.08382,,,17N,NAD83,0,4,str_grab,,,,,,SHEN,awilliams,1/25/2011,,,,6.6999998093,0.5,
PR05,PR05,PR05,Paine Run,NA,Secondary,Paine Run,,,PR05,,2070005,2070005004722,Augusta,Crimora,Paine Run,9,4,448,10,1,1,38.1954934954,-78.7891567332,693601.135748,4229816.08179,,,17N,NAD83,0,4,str_grab,,,,,,SHEN,awilliams,1/25/2011,,,,4,0.5,
PR09,PR09,PR09,Paine Run,NA,Secondary,Paine Run,,,PR09,,2070005,2070005004736,Augusta,Crimora,Paine Run,55,19,469,10,1,1,38.1932212269,-78.7838249423,694074.124136,4229575.07618,,,17N,NAD83,0,4,str_grab,,,,,,SHEN,awilliams,1/25/2011,,,,3.4000000954,0.5,
PR10,PR10,PR10,Paine Run,NA,Secondary,Paine Run,,,PR10,,2070005,2070005004713,Augusta,Crimora,Paine Run,320,18,481,10,1,1,38.1940285395,-78.7798156875,694423.115264,4229673.07786,,,17N,NAD83,0,1,str_grab,,,,,,SHEN,awilliams,1/25/2011,,,,4,0.5,
PR13,PR13,PR13,Paine Run,NA,Secondary,Paine Run,,,PR13,,2070005,2070005004704,Augusta,Crimora,Paine Run,25,18,490,10,1,1,38.1943905369,-78.777041596,694665.109136,4229719.07856,,,17N,NAD83,0,1,str_grab,,,,,,SHEN,awilliams,1/25/2011,,,,4,0.5,
PR15,PR15,PR15,Paine Run,NA,Secondary,Paine Run,,,PR15,,2070005,2070005000245,Augusta,Crimora,Paine Run,343,3,470,10,1,1,38.1971831284,-78.7736682242,694953.101551,4230036.08495,,,17N,NAD83,0,1,str_grab,,,,,,SHEN,awilliams,1/25/2011,,,,3.2000000477,0.5,
PR18,PR18,PR18,Paine Run,NA,Secondary,Paine Run,,,PR18,,2070005,2070005004669,Augusta,Crimora,Paine Run,116,10,486,10,1,20,38.1987411977,-78.772673032,695036.099272,4230211.08855,,,17N,NAD83,0,1,str_grab,,,,,,SHEN,awilliams,1/25/2011,,,,3.5999999046,0.5,
PR19,PR19,PR19,Paine Run,NA,Secondary,Paine Run,,,PR19,,2070005,2070005000245,Augusta,Crimora,Paine Run,13,12,482,10,1,1,38.1969284732,-78.768800437,695380.090848,4230018.08409,,,17N,NAD83,0,1,str_grab,,,,,,SHEN,awilliams,1/25/2011,,,,3.9000000954,0.5,
PR21,PR21,PR21,Paine Run,NA,Secondary,Paine Run,,,PR21,,2070005,2070005004711,Augusta,Crimora,Paine Run,360,14,489,10,1,1,38.1965143047,-78.7673972403,695504.087782,4229975.08304,,,17N,NAD83,0,1,str_grab,,,,,,SHEN,awilliams,1/25/2011,,,,4.0999999046,0.5,
PR25,PR25,PR25,Paine Run,NA,Secondary,Paine Run,,,PR25,,2070005,2070005000245,Augusta,Crimora,Paine Run,328,15,502,10,1,20,38.1978273982,-78.7653703497,695678.083245,4230125.08602,,,17N,NAD83,0,1,str_grab,,,,,,SHEN,awilliams,1/25/2011,,,,4,0.5,
PR26,PR26,PR26,Paine Run,NA,Secondary,Paine Run,,,PR26,,2070005,2070005000245,Augusta,Crimora,Paine Run,108,5,507,10,1,20,38.2018986517,-78.763384574,695841.078642,4230581.09547,,,17N,NAD83,0,1,str_grab,,,,,,SHEN,awilliams,1/25/2011,,,,3.2000000477,0.5,
PR28,PR28,PR28,Paine Run,NA,Secondary,Paine Run,,,PR28,,2070005,2070005000245,Augusta,Crimora,Paine Run,343,11,524,10,1,20,38.2017203923,-78.7615972675,695998.074717,4230565.09496,,,17N,NAD83,0,1,str_grab,,,,,,SHEN,awilliams,1/25/2011,,,,4,0.5,
PR29,PR29,PR29,Paine Run,NA,Secondary,Paine Run,,,PR29,,2070005,2070005000245,Augusta,Crimora,Paine Run,304,4,533,10,1,20,38.2070856922,-78.7570705696,696380.064445,4231170.10731,,,17N,NAD83,0,1,str_grab,,,,,,SHEN,awilliams,1/25/2011,,,,4,0.5,
PR31,PR31,PR31,Paine Run,NA,Secondary,Paine Run,,,PR31,,2070005,2070005000245,Augusta,Crimora,Paine Run,85,17,559,10,1,20,38.2084719383,-78.7569937509,696383.064197,4231324.11056,,,17N,NAD83,0,1,str_grab,,,,,,SHEN,awilliams,1/25/2011,,,,4,0.5,
PR37,PR37,PR37,Paine Run,NA,Secondary,Paine Run,,,PR37,,2070005,2070005004678,Augusta,Crimora,Paine Run,308,5,439,10,1,1,38.1980668381,-78.7884737186,693654.1341,4230103.0878,,,17N,NAD83,0,1,str_grab,,,,,,SHEN,awilliams,1/25/2011,,,,3.0999999046,0.5,
RAPF4,RAPF4,RAPF4,Beaver Dam Creek (out of park),Secondary,NA,,,,,0,,,,,,,,,,,,38.6468788536,-78.2069500172,743074.022585,4281293.25019,,,17N,NAD83,,0,,,,,,,SHEN,,,,10/3/2006,,4,0.5,
RappF,RappF,RappF,Miller Farm (out of park),Secondary,NA,,,,,,,,,,,,,,,,,38.6469198739,-78.2063035327,743130.156085,4281299.5179,,,17N,NAD83,,0,,,,,,,SHEN,,,,10/3/2006,,4,0.5,
Rockybar,Rockybar,Rockybar,Rockybar Hollow (out of park),Secondary,NA,,,,,,,,,,,,,,,,,38.2387185686,-78.6397612177,706562.920639,4234936.03993,,,17N,NAD83,,0,,,,,,,SHEN,,,,12/7/2009,12/7/2009,4,0.5,
ROSE,ROSE,ROSE,Rose River,Removal,NA,Rose River,,,,1,2080103,2080103000436,Madison,Old Rag Mountain,Rose River,12,9,341,10,,,38.5153076482,-78.3663521931,729618.20603,4266279.58423,727200.332724,4266579.0701,17N,NAD83,,2,CRTD 11:41 31-AUG-06,31-AUG-06 11:41,,,,,SHEN,awilliams,1/25/2011,,,,1,0.200000003,
SR04,SR04,SR04,Staunton River,NA,Secondary,Staunton River,,,SR04,,2080103,2080103000620,Madison,Fletcher,Rapidan River,52,20,359,10,2,9,38.4454469997,-78.3764905705,728955.210559,4258500.63844,,,17N,NAD83,0,1,str_grab,,,,,,SHEN,awilliams,1/25/2011,,,,2.5999999046,0.5,
SR09,SR09,SR09,Staunton River,NA,Secondary,Staunton River,,,SR09,,2080103,2080103000455,Madison,Fletcher,Rapidan River,31,9,557,10,2,10,38.4594072723,-78.3907549708,727666.241162,4260014.67136,,,17N,NAD83,0,1,str_grab,,,,,,SHEN,awilliams,1/25/2011,,,,7.5,0.5,
SR11,SR11,SR11,Staunton River,NA,Secondary,Staunton River,,,SR11,,2080103,2080103004621,Madison,Fletcher,Rapidan River,47,19,654,10,2,10,38.4577096731,-78.4007162834,726802.263277,4259801.66809,,,17N,NAD83,0,1,str_grab,,,,,,SHEN,awilliams,1/25/2011,,,,3.5,0.5,
SR13,SR13,SR13,Staunton River,NA,Secondary,Staunton River,,,SR13,,2080103,2080103004594,Madison,Fletcher,Rapidan River,67,11,668,10,2,10,38.4574354442,-78.4017573897,726712.265595,4259768.66753,,,17N,NAD83,0,1,str_grab,,,,,,SHEN,awilliams,1/25/2011,,,,2.5,0.5,
VT35,VT35,VT35,Paine Run,NA,NA,Paine Run,,,,,XXXX,,AUGUSTA,CRIMORA,PAINE RUN,,0,0,0,,,,,693243,4229927,,,17N,NAD27,0,0,,,,,,,SHEN,,,,,,4,0.5,
VT36,VT36,VT36,Meadow Run,NA,NA,Meadow Run,,,,,XXXX,,AUGUSTA,CRIMORA,MEADOW RUN,,0,451,10,,,38.1587,-78.8059,692231.468884,4225698.05866,,,17N,NAD83,0,0,SWAS NPSTORET,,,,,,SHEN,,,,,,4,0.5,
VT51,VT51,VT51,Jeremys Run,NA,NA,Jeremys Run,,,,,XXXX,,PAGE,LURAY,JEREMYS RUN,,0,290,10,,,38.71577,-78.38157,727656.192416,4288490.92116,,,17N,NAD83,0,0,SWAS NPSTORET,,,,,,SHEN,,,,,,4,0.5,
VT53,VT53,VT53,Twomile Run,NA,NA,Twomile Run,,,,,XXXX,,ROCKINGHAM,MCGAHEYSVILLE,TWO MILE RUN,,0,372,10,,,38.33388,-78.67119,703545.87368,4245427.2478,,,17N,NAD83,0,0,SWAS NPSTORET,,,,,,SHEN,,,,,,4,0.5,
VT58,VT58,VT58,Brokenback Run,NA,NA,Brokenback Run,VTSSS58 2F252,,,,2080103,2080103000979,Madison,Old Rag Mountain,Hughes River,11,21,329,10,2,2,38.5705,-78.3044,734840.773289,4272561.95493,,,17N,NAD83,,0,SWAS NPSTORET,2002-?,,,,,SHEN,,,,,,4,0.5,
VT59_1,VT59_1,VT59_1,Staunton River (Pre 1995 channel),NA,NA,Staunton River,,,,,2080103,2080103000454,Madison,Madison,Rapidan River,72,6,315,10,,,38.444880284,-78.3717108696,729374.2,4258449.637,,,17N,NAD83,,4,Quad Map,,,,,,SHEN,,,,,,4,0.5,
VT60,VT60,VT60,Piney River,NA,NA,Piney River,,,,,XXXX,,RAPPAHANNOCK,THORNTON GAP,PINEY RIVER,,0,347,10,,,38.70206,-78.26335,737981.852907,4287269.90004,,,17N,NAD83,0,0,SWAS NPSTORET,,,,,,SHEN,,,,,,4,0.5,
VT61,VT61,VT61,Thornton River N.F.,NA,NA,Thornton River N. Fork,,,,,XXXX,,RAPPAHANNOCK,THORNTON GAP,NF THORNTON RIVER,,0,351,10,,,38.69297,-78.27406,737080.379223,4286233.18749,,,17N,NAD83,0,0,SWAS NPSTORET,,,,,,SHEN,,,,,,4,0.5,
VT62,VT62,VT62,Hazel River,NA,NA,Hazel River,,,,,XXXX,,RAPPAHANNOCK,OLD RAG MTN,HAZEL RUN,,0,329,10,,,38.6162,-78.263855,738222.439158,4277738.76098,,,17N,NAD83,0,0,SWAS NPSTORET,,,,,,SHEN,,,,,,4,0.5,
VT66,VT66,VT66,Rose River,NA,NA,Rose River,,,,,XXXX,,MADISON,OLD RAG MTN,ROSE RIVER,,0,341,10,,,38.51547,-78.36677,729581.257089,4266296.55988,,,17N,NAD83,0,0,SWAS NPSTORET,,,,,,SHEN,,,,,,4,0.5,
VT75,VT75,VT75,Whiteoak Canyon Run,NA,NA,Whiteoak Canyon Run,,,,,XXXX,,MADISON,OLD RAG MTN,WHITE OAK CANYON R,,0,341,10,,15,38.54115,-78.35011,730951.842967,4269188.4941,,,17N,NAD83,0,0,SWAS NPSTORET,,,,,,SHEN,,,,,,4,0.5,
