"","FEATUREID","ArcSite","SiteID","Latitude","Longitude","TotDASqKM","LengthKM","ReachSlope","ReachElev","Calc_TotDASqKM","tminann_brkt","tmaxann_brkt","so4dep_brkt","prcpwin_brkt","prcpann_brkt","no3dep_brkt","prcpnov_brkt","elev_nalcc","slope_deg","wtlnd_or_wtr","wetland","water","undev_forest","impervious","herbacious","herb_or_ag","forest","developed","develnotopen","conus_wetland","conus_opnwtr","agriculture","DA_Discrepancy"
"1",5907049,1,"1F001",38.82428791,-78.20328716,70.6815,24.342,2.23192797214691,289.731163626654,70.6815,5.42845166791876,16.9802301712612,8.61801202929215,228.657853173744,1196.04181014834,7.48247757742747,103.691588310944,458.006113885529,13.158799622716,0.329529121991469,0.255665553680525,0.0738634060737251,84.3839427936589,23.8962552787929,0.0990090511237028,14.9095160157891,81.2152176863819,3.80138259145604,0.184680753040046,0.247226606760043,0.0990794942255045,14.8104957038263,0
"2",5907049,20,"1F133",38.82608733,-78.19548936,70.6815,24.342,2.23192797214691,289.731163626654,70.6815,5.42845166791876,16.9802301712612,8.61801202929215,228.657853173744,1196.04181014834,7.48247757742747,103.691588310944,458.006113885529,13.158799622716,0.329529121991469,0.255665553680525,0.0738634060737251,84.3839427936589,23.8962552787929,0.0990090511237028,14.9095160157891,81.2152176863819,3.80138259145604,0.184680753040046,0.247226606760043,0.0990794942255045,14.8104957038263,0
"3",5907049,2,"1F002",38.82803482,-78.18881118,70.6815,24.342,2.23192797214691,289.731163626654,70.6815,5.42845166791876,16.9802301712612,8.61801202929215,228.657853173744,1196.04181014834,7.48247757742747,103.691588310944,458.006113885529,13.158799622716,0.329529121991469,0.255665553680525,0.0738634060737251,84.3839427936589,23.8962552787929,0.0990090511237028,14.9095160157891,81.2152176863819,3.80138259145604,0.184680753040046,0.247226606760043,0.0990794942255045,14.8104957038263,0
"4",8466037,4,"1F003_1",38.70154477,-78.26336244,19.3221,11.272,4.73766,491.635,19.3221,4.90655,16.9383,8.87357,259.16,1317.56,7.74081,116.439,581.927,14.9074,0.0184422,0,0.0184422,98.6493,4.71507,0,1.30325,96.5329,2.10856,0,0,0.0307371,1.30325,0
"5",8466037,5,"1F003_2",38.70117711,-78.26611893,19.3221,11.272,4.73766,491.635,19.3221,4.90655,16.9383,8.87357,259.16,1317.56,7.74081,116.439,581.927,14.9074,0.0184422,0,0.0184422,98.6493,4.71507,0,1.30325,96.5329,2.10856,0,0,0.0307371,1.30325,0
"6",8466037,6,"1F004",38.70437616,-78.26963075,19.3221,11.272,4.73766,491.635,19.3221,4.90655,16.9383,8.87357,259.16,1317.56,7.74081,116.439,581.927,14.9074,0.0184422,0,0.0184422,98.6493,4.71507,0,1.30325,96.5329,2.10856,0,0,0.0307371,1.30325,0
"7",8466037,7,"1F005",38.71050226,-78.27579456,19.3221,11.272,4.73766,491.635,19.3221,4.90655,16.9383,8.87357,259.16,1317.56,7.74081,116.439,581.927,14.9074,0.0184422,0,0.0184422,98.6493,4.71507,0,1.30325,96.5329,2.10856,0,0,0.0307371,1.30325,0
"8",8466037,249,"PI27",38.74482016,-78.28252724,19.3221,11.272,4.73766,491.635,19.3221,4.90655,16.9383,8.87357,259.16,1317.56,7.74081,116.439,581.927,14.9074,0.0184422,0,0.0184422,98.6493,4.71507,0,1.30325,96.5329,2.10856,0,0,0.0307371,1.30325,0
"9",8466037,250,"PI29",38.73999139,-78.28874963,19.3221,11.272,4.73766,491.635,19.3221,4.90655,16.9383,8.87357,259.16,1317.56,7.74081,116.439,581.927,14.9074,0.0184422,0,0.0184422,98.6493,4.71507,0,1.30325,96.5329,2.10856,0,0,0.0307371,1.30325,0
"10",8466037,23,"1F145",38.71183103,-78.27754259,19.3221,11.272,4.73766,491.635,19.3221,4.90655,16.9383,8.87357,259.16,1317.56,7.74081,116.439,581.927,14.9074,0.0184422,0,0.0184422,98.6493,4.71507,0,1.30325,96.5329,2.10856,0,0,0.0307371,1.30325,0
"11",8466037,241,"NPI02",38.73909162,-78.28860753,19.3221,11.272,4.73766,491.635,19.3221,4.90655,16.9383,8.87357,259.16,1317.56,7.74081,116.439,581.927,14.9074,0.0184422,0,0.0184422,98.6493,4.71507,0,1.30325,96.5329,2.10856,0,0,0.0307371,1.30325,0
"12",8466037,3,"1F003",38.70301594,-78.26865877,19.3221,11.272,4.73766,491.635,19.3221,4.90655,16.9383,8.87357,259.16,1317.56,7.74081,116.439,581.927,14.9074,0.0184422,0,0.0184422,98.6493,4.71507,0,1.30325,96.5329,2.10856,0,0,0.0307371,1.30325,0
"13",8466037,43,"1F308",38.74517025,-78.28169717,19.3221,11.272,4.73766,491.635,19.3221,4.90655,16.9383,8.87357,259.16,1317.56,7.74081,116.439,581.927,14.9074,0.0184422,0,0.0184422,98.6493,4.71507,0,1.30325,96.5329,2.10856,0,0,0.0307371,1.30325,0
"14",8466037,280,"VT60",38.70206,-78.26335,19.3221,11.272,4.73766,491.635,19.3221,4.90655,16.9383,8.87357,259.16,1317.56,7.74081,116.439,581.927,14.9074,0.0184422,0,0.0184422,98.6493,4.71507,0,1.30325,96.5329,2.10856,0,0,0.0307371,1.30325,0
"15",8466037,248,"PI26",38.74648468,-78.28126765,19.3221,11.272,4.73766,491.635,19.3221,4.90655,16.9383,8.87357,259.16,1317.56,7.74081,116.439,581.927,14.9074,0.0184422,0,0.0184422,98.6493,4.71507,0,1.30325,96.5329,2.10856,0,0,0.0307371,1.30325,0
"16",8466037,22,"1F138",38.72801872,-78.29158443,19.3221,11.272,4.73766,491.635,19.3221,4.90655,16.9383,8.87357,259.16,1317.56,7.74081,116.439,581.927,14.9074,0.0184422,0,0.0184422,98.6493,4.71507,0,1.30325,96.5329,2.10856,0,0,0.0307371,1.30325,0
"17",8466037,247,"PI25",38.7453779,-78.28094152,19.3221,11.272,4.73766,491.635,19.3221,4.90655,16.9383,8.87357,259.16,1317.56,7.74081,116.439,581.927,14.9074,0.0184422,0,0.0184422,98.6493,4.71507,0,1.30325,96.5329,2.10856,0,0,0.0307371,1.30325,0
"18",8466037,246,"PI02",38.70493474,-78.27057482,19.3221,11.272,4.73766,491.635,19.3221,4.90655,16.9383,8.87357,259.16,1317.56,7.74081,116.439,581.927,14.9074,0.0184422,0,0.0184422,98.6493,4.71507,0,1.30325,96.5329,2.10856,0,0,0.0307371,1.30325,0
"19",8466037,21,"1F137",38.71920156,-78.28065937,19.3221,11.272,4.73766,491.635,19.3221,4.90655,16.9383,8.87357,259.16,1317.56,7.74081,116.439,581.927,14.9074,0.0184422,0,0.0184422,98.6493,4.71507,0,1.30325,96.5329,2.10856,0,0,0.0307371,1.30325,0
"20",5907057,16,"1F116",38.71481643,-78.34306113,47.997,17.606,2.991464,450.99,47.997,4.83789,17.3517,8.1299,218.376,1115.84,7.08724,97.2486,477.741,14.9323,0.0123894,0,0.0123894,85.6848,21.2057,0,13.9232,83.413,2.65134,0.225488,0.0346904,0.0396462,13.9232,0
"21",5907057,276,"VT51",38.71577,-78.38157,47.997,17.606,2.991464,450.99,47.997,4.83789,17.3517,8.1299,218.376,1115.84,7.08724,97.2486,477.741,14.9323,0.0123894,0,0.0123894,85.6848,21.2057,0,13.9232,83.413,2.65134,0.225488,0.0346904,0.0396462,13.9232,0
"22",5907057,10,"1F008",38.711589,-78.35927528,47.997,17.606,2.991464,450.99,47.997,4.83789,17.3517,8.1299,218.376,1115.84,7.08724,97.2486,477.741,14.9323,0.0123894,0,0.0123894,85.6848,21.2057,0,13.9232,83.413,2.65134,0.225488,0.0346904,0.0396462,13.9232,0
"23",5907057,47,"1FVA1",38.72382707,-78.33717005,47.997,17.606,2.991464,450.99,47.997,4.83789,17.3517,8.1299,218.376,1115.84,7.08724,97.2486,477.741,14.9323,0.0123894,0,0.0123894,85.6848,21.2057,0,13.9232,83.413,2.65134,0.225488,0.0346904,0.0396462,13.9232,0
"24",5907057,9,"1F007",38.71212916,-78.37064837,47.997,17.606,2.991464,450.99,47.997,4.83789,17.3517,8.1299,218.376,1115.84,7.08724,97.2486,477.741,14.9323,0.0123894,0,0.0123894,85.6848,21.2057,0,13.9232,83.413,2.65134,0.225488,0.0346904,0.0396462,13.9232,0
"25",5907057,17,"1F117",38.72709177,-78.33632419,47.997,17.606,2.991464,450.99,47.997,4.83789,17.3517,8.1299,218.376,1115.84,7.08724,97.2486,477.741,14.9323,0.0123894,0,0.0123894,85.6848,21.2057,0,13.9232,83.413,2.65134,0.225488,0.0346904,0.0396462,13.9232,0
"26",5907057,18,"1F118",38.74835781,-78.32445066,47.997,17.606,2.991464,450.99,47.997,4.83789,17.3517,8.1299,218.376,1115.84,7.08724,97.2486,477.741,14.9323,0.0123894,0,0.0123894,85.6848,21.2057,0,13.9232,83.413,2.65134,0.225488,0.0346904,0.0396462,13.9232,0
"27",5907057,8,"1F006",38.71563275,-78.38143481,47.997,17.606,2.991464,450.99,47.997,4.83789,17.3517,8.1299,218.376,1115.84,7.08724,97.2486,477.741,14.9323,0.0123894,0,0.0123894,85.6848,21.2057,0,13.9232,83.413,2.65134,0.225488,0.0346904,0.0396462,13.9232,0
"28",8466039,12,"1F031",38.6968622,-78.28296971,29.3409,9.37,2.942854,363.845,29.3409,4.64149,17.0523,8.88303,257.614,1300.98,7.75689,115.31,543.716,16.0413,0,0,0,98.098,5.22113,0,1.86063,95.9625,2.17682,0,0.00810734,0.012161,1.86063,0
"29",8466039,281,"VT61",38.69297,-78.27406,29.3409,9.37,2.942854,363.845,29.3409,4.64149,17.0523,8.88303,257.614,1300.98,7.75689,115.31,543.716,16.0413,0,0,0,98.098,5.22113,0,1.86063,95.9625,2.17682,0,0.00810734,0.012161,1.86063,0
"30",8466039,26,"1F218",38.68544202,-78.27610889,29.3409,9.37,2.942854,363.845,29.3409,4.64149,17.0523,8.88303,257.614,1300.98,7.75689,115.31,543.716,16.0413,0,0,0,98.098,5.22113,0,1.86063,95.9625,2.17682,0,0.00810734,0.012161,1.86063,0
"31",8466039,11,"1F030",38.69506642,-78.27935884,29.3409,9.37,2.942854,363.845,29.3409,4.64149,17.0523,8.88303,257.614,1300.98,7.75689,115.31,543.716,16.0413,0,0,0,98.098,5.22113,0,1.86063,95.9625,2.17682,0,0.00810734,0.012161,1.86063,0
"32",8466039,49,"1FVA3",38.70845025,-78.30035371,29.3409,9.37,2.942854,363.845,29.3409,4.64149,17.0523,8.88303,257.614,1300.98,7.75689,115.31,543.716,16.0413,0,0,0,98.098,5.22113,0,1.86063,95.9625,2.17682,0,0.00810734,0.012161,1.86063,0
"33",8466039,48,"1FVA2",38.70329391,-78.29127045,29.3409,9.37,2.942854,363.845,29.3409,4.64149,17.0523,8.88303,257.614,1300.98,7.75689,115.31,543.716,16.0413,0,0,0,98.098,5.22113,0,1.86063,95.9625,2.17682,0,0.00810734,0.012161,1.86063,0
"34",8465763,13,"1F056",38.80624886,-78.1543396,21.3687,4.912,1.584838,209.295,21.3687,5.74906,17.3522,8.80574,217.565,1211.33,7.65674,99.3619,450.719,11.4256,0.199811,0.0499528,0.149858,86.0946,17.5612,0.316368,12.9822,81.3065,5.56141,0.0555031,0.0610535,0.0943553,12.6658,0
"35",8465763,14,"1F057",38.80684681,-78.15725044,21.3687,4.912,1.584838,209.295,21.3687,5.74906,17.3522,8.80574,217.565,1211.33,7.65674,99.3619,450.719,11.4256,0.199811,0.0499528,0.149858,86.0946,17.5612,0.316368,12.9822,81.3065,5.56141,0.0555031,0.0610535,0.0943553,12.6658,0
"36",8465763,15,"1F058",38.80695791,-78.16144578,21.3687,4.912,1.584838,209.295,21.3687,5.74906,17.3522,8.80574,217.565,1211.33,7.65674,99.3619,450.719,11.4256,0.199811,0.0499528,0.149858,86.0946,17.5612,0.316368,12.9822,81.3065,5.56141,0.0555031,0.0610535,0.0943553,12.6658,0
"37",8465763,40,"1F235",38.7932857,-78.15834543,21.3687,4.912,1.584838,209.295,21.3687,5.74906,17.3522,8.80574,217.565,1211.33,7.65674,99.3619,450.719,11.4256,0.199811,0.0499528,0.149858,86.0946,17.5612,0.316368,12.9822,81.3065,5.56141,0.0555031,0.0610535,0.0943553,12.6658,0
"38",5906817,19,"1F132",38.78955881,-78.31918196,13.7475,6.305,7.690932,411.8,13.7475,5.0335,17.4335,8.20137,219.704,1111.42,7.12787,95.31,442.12,14.3148,0.0259023,0,0.0259023,98.3982,7.82248,0,1.5455,96.5291,1.8995,0.0777068,0,0.0172682,1.5455,0
"39",5906817,46,"1F317",38.7973543,-78.33642649,13.7475,6.305,7.690932,411.8,13.7475,5.0335,17.4335,8.20137,219.704,1111.42,7.12787,95.31,442.12,14.3148,0.0259023,0,0.0259023,98.3982,7.82248,0,1.5455,96.5291,1.8995,0.0777068,0,0.0172682,1.5455,0
"40",5907079,24,"1F210",38.90228189,-78.19445424,4238.2035,2144.144,2.51896014878432,447.875649459645,2834.514,5.41691097551961,18.2725858993923,8.18694546879923,208.647608476056,1052.16269398945,7.18496518881694,87.3473433367307,430.909559395057,8.72580170862161,0.821852061480117,0.0111060811123494,0.810745935297629,57.0998739193544,299.645314653531,0.0666395428195945,34.929401965128,51.5214793705207,12.6514057123875,5.79756641850965,0.258478369101414,0.785875073855416,34.8627621180304,1403.6895
"41",5906835,42,"1F237",38.66212959,-78.35557463,21.4074,6.707,6.087235,496.48,21.4074,4.61419,17.1187,8.7082,226.585,1154.29,7.62116,101.69,556.225,14.8043,0.0222111,0,0.0222111,93.8522,50.6136,0,5.78044,88.5835,5.61386,0.694097,0.0277639,0.0610806,5.78044,0
"42",5906835,25,"1F211",38.67043305,-78.37070284,21.4074,6.707,6.087235,496.48,21.4074,4.61419,17.1187,8.7082,226.585,1154.29,7.62116,101.69,556.225,14.8043,0.0222111,0,0.0222111,93.8522,50.6136,0,5.78044,88.5835,5.61386,0.694097,0.0277639,0.0610806,5.78044,0
"43",8466033,28,"1F223",38.75070009,-78.21512228,60.2388,16.211,1.320465,233.42,60.2388,5.80411,17.9831,8.4977,218.523,1189.25,7.40433,98.8197,366.722,11.1392,0.392675,0.00789297,0.384782,71.639,46.5804,0.00789297,26.7848,68.6294,4.20103,0.826789,0.0256522,0.345317,26.7769,0
"44",8466033,27,"1F219",38.74946373,-78.23038562,60.2388,16.211,1.320465,233.42,60.2388,5.80411,17.9831,8.4977,218.523,1189.25,7.40433,98.8197,366.722,11.1392,0.392675,0.00789297,0.384782,71.639,46.5804,0.00789297,26.7848,68.6294,4.20103,0.826789,0.0256522,0.345317,26.7769,0
"45",5906813,29,"1F224",38.80561417,-78.28409536,13.9644,7.132,4.093526,317.105,13.9644,5.57238,17.8595,7.88538,208.287,1055.94,6.84563,91.3233,344.698,12.1677,0.0849834,0,0.0849834,79.4623,11.8552,0,19.8436,77.1055,2.96592,0.118977,0,0.118977,19.8436,0
"46",5907053,30,"1F225",38.77755073,-78.25520934,23.7105,5.989,2.685508,348.01,23.7105,5.22667,16.3931,9.20615,239.087,1277.8,8.00491,108.962,526.875,14.1346,0.175245,0.175245,0,89.7638,19.973,0,9.87382,86.5862,3.53996,0.290407,0.15021,0.0801122,9.87382,0
"47",5907051,32,"1F227",38.77445389,-78.26701735,11.6928,5.652,1.87984,314.115,11.6928,5.18412,16.7588,7.9089,230.99,1165.67,6.86914,100.318,477.086,14.2714,0.823506,0.772672,0.0508337,82.8488,9.4144,0,16.7446,81.1305,2.07401,0,0.772672,0.0813339,16.7446,0
"48",5907051,31,"1F226",38.78309269,-78.27228765,11.6928,5.652,1.87984,314.115,11.6928,5.18412,16.7588,7.9089,230.99,1165.67,6.86914,100.318,477.086,14.2714,0.823506,0.772672,0.0508337,82.8488,9.4144,0,16.7446,81.1305,2.07401,0,0.772672,0.0813339,16.7446,0
"49",5907047,238,"HAPPY",38.89681231,-78.18133898,57.2427,16.186,2.12033491152848,252.405117385395,57.2427,5.78503077008946,17.6750198606984,8.86659347357829,215.876201845825,1104.47995802085,7.68354822382592,100.134535116268,352.666882269704,10.3043731234376,0.111796359629263,0,0.111796359629263,83.1174355046146,601.189122376303,0.0786571619263242,12.1668743608006,65.3444684873355,22.3768883645426,11.7246393746364,0.0165732805528041,0.207010257935946,12.0882059961008,0
"50",5907047,33,"1F228",38.89670904,-78.18127058,57.2427,16.186,2.12033491152848,252.405117385395,57.2427,5.78503077008946,17.6750198606984,8.86659347357829,215.876201845825,1104.47995802085,7.68354822382592,100.134535116268,352.666882269704,10.3043731234376,0.111796359629263,0,0.111796359629263,83.1174355046146,601.189122376303,0.0786571619263242,12.1668743608006,65.3444684873355,22.3768883645426,11.7246393746364,0.0165732805528041,0.207010257935946,12.0882059961008,0
"51",5906799,35,"1F230",38.84631429,-78.17819669,23.0175,6.05,3.044576,325.475,23.0175,5.81588,16.8785,8.76406,229.484,1178.13,7.59678,109.171,463.309,13.3462,0.0618397,0,0.0618397,91.6421,48.5081,0,7.81242,86.3386,5.78717,0.742077,0.0103066,0.0772997,7.81242,0
"52",5906799,34,"1F229",38.84657158,-78.19043203,23.0175,6.05,3.044576,325.475,23.0175,5.81588,16.8785,8.76406,229.484,1178.13,7.59678,109.171,463.309,13.3462,0.0618397,0,0.0618397,91.6421,48.5081,0,7.81242,86.3386,5.78717,0.742077,0.0103066,0.0772997,7.81242,0
"53",5907055,36,"1F231",38.77821056,-78.34687995,20.6577,4.354,4.514985,277.565,20.6577,4.87414,17.5662,7.7881,217.598,1104.46,6.77598,95.7793,435.003,15.5466,0.00575109,0,0.00575109,95.1188,13.9349,0,4.75615,92.7939,2.44421,0.10352,0.0230044,0.0115022,4.75615,0
"54",5907055,44,"1F310",38.77234936,-78.31891994,20.6577,4.354,4.514985,277.565,20.6577,4.87414,17.5662,7.7881,217.598,1104.46,6.77598,95.7793,435.003,15.5466,0.00575109,0,0.00575109,95.1188,13.9349,0,4.75615,92.7939,2.44421,0.10352,0.0230044,0.0115022,4.75615,0
"55",8465761,37,"1F232",38.82512017,-78.15713525,16.2765,9.473,5.45238,425.75,16.2765,5.8984,17.824,8.94298,216.152,1144.52,7.76888,94.59,380.872,9.96106,1.00759,0.408879,0.598715,76.6546,21.8531,0,21.9115,73.9121,3.57769,0.0584112,0.489194,0.511098,21.9115,0
"56",8465775,38,"1F233",38.77251814,-78.1624132,22.3416,7.829,2.864044,274.255,22.3416,5.83882,17.7632,8.42166,213.29,1165.68,7.32913,96.2794,346.132,9.7941,0.164806,0.0744285,0.0903775,63.7858,18.219,0,34.8166,61.4833,3.60978,0.015949,0.0850611,0.143541,34.8166,0
"57",8465799,39,"1F234",38.73484527,-78.25972671,47.5245,15.87,1.236689,224.59,47.5245,5.60403,17.9363,8.67308,232.068,1216.22,7.5643,103.871,370.188,11.7004,0.222745,0.0425468,0.180198,76.7863,32.9437,0.020022,22.0417,73.5059,4.2722,0.500551,0.0725798,0.257784,22.0217,0
"58",5906807,41,"1F236",38.80697419,-78.19521338,8.4384,3.843,4.068237,344.74,8.4384,5.47385,16.2915,8.30690670013428,239.274,1305.31,7.2117714881897,111.462,515.602,13.8834,0.0844001,0,0.0844001,89.0951,9.34027,0,10.5781,87.1149,2.22253,0,0,0.182867,10.5781,0
"59",8466057,45,"1F316",38.66942898,-78.29156274,28.0368,7.009,2.099722,266.43,28.0368,4.89195,17.3251,8.75533,267.736,1347.33,7.66442,118.705,509.932,16.4294,0,0,0,95.3181,79.8337,0,4.28014,87.1384,8.58149,1.3447,0,0.0339357,4.28014,0
"60",8466057,64,"2F036",38.65697092,-78.28212508,28.0368,7.009,2.099722,266.43,28.0368,4.89195,17.3251,8.75533,267.736,1347.33,7.66442,118.705,509.932,16.4294,0,0,0,95.3181,79.8337,0,4.28014,87.1384,8.58149,1.3447,0,0.0339357,4.28014,0
"61",8466057,65,"2F037",38.65982732,-78.28524381,28.0368,7.009,2.099722,266.43,28.0368,4.89195,17.3251,8.75533,267.736,1347.33,7.66442,118.705,509.932,16.4294,0,0,0,95.3181,79.8337,0,4.28014,87.1384,8.58149,1.3447,0,0.0339357,4.28014,0
"62",8466057,152,"2F314",38.66047555,-78.29619637,28.0368,7.009,2.099722,266.43,28.0368,4.89195,17.3251,8.75533,267.736,1347.33,7.66442,118.705,509.932,16.4294,0,0,0,95.3181,79.8337,0,4.28014,87.1384,8.58149,1.3447,0,0.0339357,4.28014,0
"63",8466057,63,"2F035",38.65381171,-78.27335862,28.0368,7.009,2.099722,266.43,28.0368,4.89195,17.3251,8.75533,267.736,1347.33,7.66442,118.705,509.932,16.4294,0,0,0,95.3181,79.8337,0,4.28014,87.1384,8.58149,1.3447,0,0.0339357,4.28014,0
"64",8466053,84,"2F066",38.55157518,-78.33771964,38.6019,10.886,6.631706,575.57,38.6019,4.59345,16.4891,9.38709,246.534,1301.83,8.26598,107.273,675.771,16.4836,0.0123472,0,0.0123472,98.3141,6.95456,0,1.61748,95.0457,3.32448,0,0.175948,0.0061736,1.61748,0
"65",8466053,146,"2F253",38.5771687,-78.37157269,38.6019,10.886,6.631706,575.57,38.6019,4.59345,16.4891,9.38709,246.534,1301.83,8.26598,107.273,675.771,16.4836,0.0123472,0,0.0123472,98.3141,6.95456,0,1.61748,95.0457,3.32448,0,0.175948,0.0061736,1.61748,0
"66",8466053,83,"2F065",38.5405705,-78.36542142,38.6019,10.886,6.631706,575.57,38.6019,4.59345,16.4891,9.38709,246.534,1301.83,8.26598,107.273,675.771,16.4836,0.0123472,0,0.0123472,98.3141,6.95456,0,1.61748,95.0457,3.32448,0,0.175948,0.0061736,1.61748,0
"67",8466053,51,"2F010",38.54566638,-78.3516876,38.6019,10.886,6.631706,575.57,38.6019,4.59345,16.4891,9.38709,246.534,1301.83,8.26598,107.273,675.771,16.4836,0.0123472,0,0.0123472,98.3141,6.95456,0,1.61748,95.0457,3.32448,0,0.175948,0.0061736,1.61748,0
"68",8466053,149,"2F300",38.56381748,-78.36444123,38.6019,10.886,6.631706,575.57,38.6019,4.59345,16.4891,9.38709,246.534,1301.83,8.26598,107.273,675.771,16.4836,0.0123472,0,0.0123472,98.3141,6.95456,0,1.61748,95.0457,3.32448,0,0.175948,0.0061736,1.61748,0
"69",8466053,81,"2F063",38.54894113,-78.34035239,38.6019,10.886,6.631706,575.57,38.6019,4.59345,16.4891,9.38709,246.534,1301.83,8.26598,107.273,675.771,16.4836,0.0123472,0,0.0123472,98.3141,6.95456,0,1.61748,95.0457,3.32448,0,0.175948,0.0061736,1.61748,0
"70",8466053,284,"VT75",38.54115,-78.35011,38.6019,10.886,6.631706,575.57,38.6019,4.59345,16.4891,9.38709,246.534,1301.83,8.26598,107.273,675.771,16.4836,0.0123472,0,0.0123472,98.3141,6.95456,0,1.61748,95.0457,3.32448,0,0.175948,0.0061736,1.61748,0
"71",8466053,50,"2F009",38.54068783,-78.34966912,38.6019,10.886,6.631706,575.57,38.6019,4.59345,16.4891,9.38709,246.534,1301.83,8.26598,107.273,675.771,16.4836,0.0123472,0,0.0123472,98.3141,6.95456,0,1.61748,95.0457,3.32448,0,0.175948,0.0061736,1.61748,0
"72",8466053,52,"2F011",38.54823349,-78.35344987,38.6019,10.886,6.631706,575.57,38.6019,4.59345,16.4891,9.38709,246.534,1301.83,8.26598,107.273,675.771,16.4836,0.0123472,0,0.0123472,98.3141,6.95456,0,1.61748,95.0457,3.32448,0,0.175948,0.0061736,1.61748,0
"73",8466053,80,"2F062",38.5367986,-78.35896813,38.6019,10.886,6.631706,575.57,38.6019,4.59345,16.4891,9.38709,246.534,1301.83,8.26598,107.273,675.771,16.4836,0.0123472,0,0.0123472,98.3141,6.95456,0,1.61748,95.0457,3.32448,0,0.175948,0.0061736,1.61748,0
"74",8466053,82,"2F064",38.54374503,-78.37136798,38.6019,10.886,6.631706,575.57,38.6019,4.59345,16.4891,9.38709,246.534,1301.83,8.26598,107.273,675.771,16.4836,0.0123472,0,0.0123472,98.3141,6.95456,0,1.61748,95.0457,3.32448,0,0.175948,0.0061736,1.61748,0
"75",8466053,129,"2F215",38.5087776,-78.32457397,38.6019,10.886,6.631706,575.57,38.6019,4.59345,16.4891,9.38709,246.534,1301.83,8.26598,107.273,675.771,16.4836,0.0123472,0,0.0123472,98.3141,6.95456,0,1.61748,95.0457,3.32448,0,0.175948,0.0061736,1.61748,0
"76",8465881,75,"2F054",38.52637321,-78.40971842,26.5797,8.188,6.486997,519.87,26.5797,4.17949,15.8103,9.77347,260.518,1303.99,8.61637,113.399,788.864,16.3555,0,0,0,99.9534,10.2565,0,0.0448471,96.1207,3.5788,0.0807247,0.574043,0,0.0448471,0
"77",8465881,57,"2F016",38.5113422,-78.38448462,26.5797,8.188,6.486997,519.87,26.5797,4.17949,15.8103,9.77347,260.518,1303.99,8.61637,113.399,788.864,16.3555,0,0,0,99.9534,10.2565,0,0.0448471,96.1207,3.5788,0.0807247,0.574043,0,0.0448471,0
"78",8465881,58,"2F017",38.52515455,-78.4059521,26.5797,8.188,6.486997,519.87,26.5797,4.17949,15.8103,9.77347,260.518,1303.99,8.61637,113.399,788.864,16.3555,0,0,0,99.9534,10.2565,0,0.0448471,96.1207,3.5788,0.0807247,0.574043,0,0.0448471,0
"79",8465881,56,"2F015",38.51541886,-78.3663898,26.5797,8.188,6.486997,519.87,26.5797,4.17949,15.8103,9.77347,260.518,1303.99,8.61637,113.399,788.864,16.3555,0,0,0,99.9534,10.2565,0,0.0448471,96.1207,3.5788,0.0807247,0.574043,0,0.0448471,0
"80",8465881,269,"ROSE",38.51530765,-78.36635219,26.5797,8.188,6.486997,519.87,26.5797,4.17949,15.8103,9.77347,260.518,1303.99,8.61637,113.399,788.864,16.3555,0,0,0,99.9534,10.2565,0,0.0448471,96.1207,3.5788,0.0807247,0.574043,0,0.0448471,0
"81",8465881,283,"VT66",38.51547,-78.36677,26.5797,8.188,6.486997,519.87,26.5797,4.17949,15.8103,9.77347,260.518,1303.99,8.61637,113.399,788.864,16.3555,0,0,0,99.9534,10.2565,0,0.0448471,96.1207,3.5788,0.0807247,0.574043,0,0.0448471,0
"82",8465881,76,"2F055",38.52275221,-78.42057407,26.5797,8.188,6.486997,519.87,26.5797,4.17949,15.8103,9.77347,260.518,1303.99,8.61637,113.399,788.864,16.3555,0,0,0,99.9534,10.2565,0,0.0448471,96.1207,3.5788,0.0807247,0.574043,0,0.0448471,0
"83",5908055,59,"2F029",38.47788739,-78.48164009,10.5597,5.496,8.06239911353712,706.423170487627,10.5597,3.86330086081991,15.5222810449161,9.74925670698514,268.913877780619,1322.52464757522,8.59624965976269,117.644079007926,843.992623199523,16.1451102318248,0,0,0,100,6.29385704423421,0,0,97.0971683627376,2.9028604167732,0,0,0,0,0
"84",5908055,116,"2F130",38.48861124,-78.46606192,10.5597,5.496,8.06239911353712,706.423170487627,10.5597,3.86330086081991,15.5222810449161,9.74925670698514,268.913877780619,1322.52464757522,8.59624965976269,117.644079007926,843.992623199523,16.1451102318248,0,0,0,100,6.29385704423421,0,0,97.0971683627376,2.9028604167732,0,0,0,0,0
"85",5908055,115,"2F129",38.4800384,-78.47504303,10.5597,5.496,8.06239911353712,706.423170487627,10.5597,3.86330086081991,15.5222810449161,9.74925670698514,268.913877780619,1322.52464757522,8.59624965976269,117.644079007926,843.992623199523,16.1451102318248,0,0,0,100,6.29385704423421,0,0,97.0971683627376,2.9028604167732,0,0,0,0,0
"86",932080034,278,"VT58",38.5705,-78.3044,11.736,5.41,9.00053791146026,453.47473844732,11.736,4.45347879601227,16.3022210122699,9.20011332321935,246.576535352761,1366.03718404908,8.09411864877076,109.782355138037,666.400214263804,17.5473327300613,0,0,0,100,1.84729713780675,0,0,98.6296789340491,1.37030800521472,0,0,0,0,0
"87",932080034,60,"2F032",38.57104101,-78.30018322,11.736,5.41,9.00053791146026,453.47473844732,11.736,4.45347879601227,16.3022210122699,9.20011332321935,246.576535352761,1366.03718404908,8.09411864877076,109.782355138037,666.400214263804,17.5473327300613,0,0,0,100,1.84729713780675,0,0,98.6296789340491,1.37030800521472,0,0,0,0,0
"88",932080034,236,"BROKENBACK",38.57366827,-78.29627198,11.736,5.41,9.00053791146026,453.47473844732,11.736,4.45347879601227,16.3022210122699,9.20011332321935,246.576535352761,1366.03718404908,8.09411864877076,109.782355138037,666.400214263804,17.5473327300613,0,0,0,100,1.84729713780675,0,0,98.6296789340491,1.37030800521472,0,0,0,0,0
"89",932080034,145,"2F252",38.57020363,-78.30433253,11.736,5.41,9.00053791146026,453.47473844732,11.736,4.45347879601227,16.3022210122699,9.20011332321935,246.576535352761,1366.03718404908,8.09411864877076,109.782355138037,666.400214263804,17.5473327300613,0,0,0,100,1.84729713780675,0,0,98.6296789340491,1.37030800521472,0,0,0,0,0
"90",932080034,61,"2F033",38.57123985,-78.30646497,11.736,5.41,9.00053791146026,453.47473844732,11.736,4.45347879601227,16.3022210122699,9.20011332321935,246.576535352761,1366.03718404908,8.09411864877076,109.782355138037,666.400214263804,17.5473327300613,0,0,0,100,1.84729713780675,0,0,98.6296789340491,1.37030800521472,0,0,0,0,0
"91",932080033,62,"2F034",38.56732633,-78.31710456,4.6197,2.237,11.433908,545.97,4.6197,4.1825,15.76,9.36947,255.683,1402.07,8.24291,113.623,805.362,17.2683,0,0,0,100,0.618079,0,0,99.5622,0.437806,0,0,0,0,0
"92",8466045,67,"2F039",38.58725386,-78.31309546,26.0559,6.081,5.981793,455.95,26.0559,4.30308,16.1203,9.15311,259.358,1386.55,8.04735,115.188,738.653,18.5228,0,0,0,100,5.75868,0,0,97.9753,2.02468,0.00914077,0,0.00457038,0,0
"93",8466045,66,"2F038",38.57742072,-78.29963509,26.0559,6.081,5.981793,455.95,26.0559,4.30308,16.1203,9.15311,259.358,1386.55,8.04735,115.188,738.653,18.5228,0,0,0,100,5.75868,0,0,97.9753,2.02468,0.00914077,0,0.00457038,0,0
"94",8466045,72,"2F050",38.59522897,-78.31630314,26.0559,6.081,5.981793,455.95,26.0559,4.30308,16.1203,9.15311,259.358,1386.55,8.04735,115.188,738.653,18.5228,0,0,0,100,5.75868,0,0,97.9753,2.02468,0.00914077,0,0.00457038,0,0
"95",8466045,71,"2F049",38.59173511,-78.31560028,26.0559,6.081,5.981793,455.95,26.0559,4.30308,16.1203,9.15311,259.358,1386.55,8.04735,115.188,738.653,18.5228,0,0,0,100,5.75868,0,0,97.9753,2.02468,0.00914077,0,0.00457038,0,0
"96",8466045,68,"2F040",38.59175083,-78.3166781,26.0559,6.081,5.981793,455.95,26.0559,4.30308,16.1203,9.15311,259.358,1386.55,8.04735,115.188,738.653,18.5228,0,0,0,100,5.75868,0,0,97.9753,2.02468,0.00914077,0,0.00457038,0,0
"97",8466045,239,"HUGHES",38.57407658,-78.29630021,26.0559,6.081,5.981793,455.95,26.0559,4.30308,16.1203,9.15311,259.358,1386.55,8.04735,115.188,738.653,18.5228,0,0,0,100,5.75868,0,0,97.9753,2.02468,0.00914077,0,0.00457038,0,0
"98",8468379,70,"2F048",38.41221165,-78.46908564,9.4257,4.32,11.486687,554.58,9.4257,4.45857,16.3721,9.71964,272.526,1389.85,8.57362,127.504,760.626,19.1615,0,0,0,100,3.30757,0,0,97.4528,2.54721,0,0,0,0,0
"99",8468379,69,"2F047",38.40656192,-78.45783492,9.4257,4.32,11.486687,554.58,9.4257,4.45857,16.3721,9.71964,272.526,1389.85,8.57362,127.504,760.626,19.1615,0,0,0,100,3.30757,0,0,97.4528,2.54721,0,0,0,0,0
"100",8466043,86,"2F068",38.5961709,-78.2775253,41.3469,16.93,3.538287,457.15,41.3469,5.22985,17.7451,8.96791,247.597,1280.55,7.86584,109.158,436.503,12.5907,0.371587,0.218919,0.152667,77.8432,12.513,0.135384,21.2006,75.0202,3.62657,0,0.253485,0.184353,21.0652,0
"101",8466043,73,"2F052",38.63082446,-78.27261273,41.3469,16.93,3.538287,457.15,41.3469,5.22985,17.7451,8.96791,247.597,1280.55,7.86584,109.158,436.503,12.5907,0.371587,0.218919,0.152667,77.8432,12.513,0.135384,21.2006,75.0202,3.62657,0,0.253485,0.184353,21.0652,0
"102",8466043,89,"2F071",38.61539473,-78.26158756,41.3469,16.93,3.538287,457.15,41.3469,5.22985,17.7451,8.96791,247.597,1280.55,7.86584,109.158,436.503,12.5907,0.371587,0.218919,0.152667,77.8432,12.513,0.135384,21.2006,75.0202,3.62657,0,0.253485,0.184353,21.0652,0
"103",8466043,85,"2F067",38.59445985,-78.27427001,41.3469,16.93,3.538287,457.15,41.3469,5.22985,17.7451,8.96791,247.597,1280.55,7.86584,109.158,436.503,12.5907,0.371587,0.218919,0.152667,77.8432,12.513,0.135384,21.2006,75.0202,3.62657,0,0.253485,0.184353,21.0652,0
"104",8466043,150,"2F303",38.61495485,-78.26252301,41.3469,16.93,3.538287,457.15,41.3469,5.22985,17.7451,8.96791,247.597,1280.55,7.86584,109.158,436.503,12.5907,0.371587,0.218919,0.152667,77.8432,12.513,0.135384,21.2006,75.0202,3.62657,0,0.253485,0.184353,21.0652,0
"105",8466043,74,"2F053",38.63409673,-78.28430482,41.3469,16.93,3.538287,457.15,41.3469,5.22985,17.7451,8.96791,247.597,1280.55,7.86584,109.158,436.503,12.5907,0.371587,0.218919,0.152667,77.8432,12.513,0.135384,21.2006,75.0202,3.62657,0,0.253485,0.184353,21.0652,0
"106",8466043,97,"2F090",38.63056516,-78.29403047,41.3469,16.93,3.538287,457.15,41.3469,5.22985,17.7451,8.96791,247.597,1280.55,7.86584,109.158,436.503,12.5907,0.371587,0.218919,0.152667,77.8432,12.513,0.135384,21.2006,75.0202,3.62657,0,0.253485,0.184353,21.0652,0
"107",8466043,121,"2F139",38.62599796,-78.29464371,41.3469,16.93,3.538287,457.15,41.3469,5.22985,17.7451,8.96791,247.597,1280.55,7.86584,109.158,436.503,12.5907,0.371587,0.218919,0.152667,77.8432,12.513,0.135384,21.2006,75.0202,3.62657,0,0.253485,0.184353,21.0652,0
"108",8466043,96,"2F089",38.625201,-78.26830217,41.3469,16.93,3.538287,457.15,41.3469,5.22985,17.7451,8.96791,247.597,1280.55,7.86584,109.158,436.503,12.5907,0.371587,0.218919,0.152667,77.8432,12.513,0.135384,21.2006,75.0202,3.62657,0,0.253485,0.184353,21.0652,0
"109",8466043,282,"VT62",38.6162,-78.263855,41.3469,16.93,3.538287,457.15,41.3469,5.22985,17.7451,8.96791,247.597,1280.55,7.86584,109.158,436.503,12.5907,0.371587,0.218919,0.152667,77.8432,12.513,0.135384,21.2006,75.0202,3.62657,0,0.253485,0.184353,21.0652,0
"110",8466051,77,"2F059",38.53269049,-78.29839481,33.2343,10.016,4.61442885573083,313.873983126997,33.2343,5.70130007609608,18.3734175481355,8.3364080812126,223.119590976792,1176.43099926883,7.33320389515743,97.1480350827308,351.136240420289,12.4325247379966,0.0501854485579657,0,0.0501854485579657,67.028035212717,19.5400782354375,0,31.6562414168495,64.6371359709698,3.64561405042381,0.0466007668562299,0.00716935387683809,0.0967858343488504,31.6562414168495,7.105427357601e-15
"111",8466051,130,"2F216",38.52490899,-78.31161773,33.2343,10.016,4.61442885573083,313.873983126997,33.2343,5.70130007609608,18.3734175481355,8.3364080812126,223.119590976792,1176.43099926883,7.33320389515743,97.1480350827308,351.136240420289,12.4325247379966,0.0501854485579657,0,0.0501854485579657,67.028035212717,19.5400782354375,0,31.6562414168495,64.6371359709698,3.64561405042381,0.0466007668562299,0.00716935387683809,0.0967858343488504,31.6562414168495,7.105427357601e-15
"112",8466051,79,"2F061",38.53937636,-78.3136871,33.2343,10.016,4.61442885573083,313.873983126997,33.2343,5.70130007609608,18.3734175481355,8.3364080812126,223.119590976792,1176.43099926883,7.33320389515743,97.1480350827308,351.136240420289,12.4325247379966,0.0501854485579657,0,0.0501854485579657,67.028035212717,19.5400782354375,0,31.6562414168495,64.6371359709698,3.64561405042381,0.0466007668562299,0.00716935387683809,0.0967858343488504,31.6562414168495,7.105427357601e-15
"113",8466051,128,"2F214",38.54627889,-78.28270277,33.2343,10.016,4.61442885573083,313.873983126997,33.2343,5.70130007609608,18.3734175481355,8.3364080812126,223.119590976792,1176.43099926883,7.33320389515743,97.1480350827308,351.136240420289,12.4325247379966,0.0501854485579657,0,0.0501854485579657,67.028035212717,19.5400782354375,0,31.6562414168495,64.6371359709698,3.64561405042381,0.0466007668562299,0.00716935387683809,0.0967858343488504,31.6562414168495,7.105427357601e-15
"114",8466051,127,"2F213",38.54158897,-78.2838008,33.2343,10.016,4.61442885573083,313.873983126997,33.2343,5.70130007609608,18.3734175481355,8.3364080812126,223.119590976792,1176.43099926883,7.33320389515743,97.1480350827308,351.136240420289,12.4325247379966,0.0501854485579657,0,0.0501854485579657,67.028035212717,19.5400782354375,0,31.6562414168495,64.6371359709698,3.64561405042381,0.0466007668562299,0.00716935387683809,0.0967858343488504,31.6562414168495,7.105427357601e-15
"115",8466051,78,"2F060",38.53756684,-78.3055195,33.2343,10.016,4.61442885573083,313.873983126997,33.2343,5.70130007609608,18.3734175481355,8.3364080812126,223.119590976792,1176.43099926883,7.33320389515743,97.1480350827308,351.136240420289,12.4325247379966,0.0501854485579657,0,0.0501854485579657,67.028035212717,19.5400782354375,0,31.6562414168495,64.6371359709698,3.64561405042381,0.0466007668562299,0.00716935387683809,0.0967858343488504,31.6562414168495,7.105427357601e-15
"116",8468785,87,"2F069",38.3781195,-78.49500057,12.8484,5.884,9.70316950135962,570.329179129844,12.8484,4.58634281311292,16.4048662090221,9.37605316207001,292.151862146259,1415.95773606052,8.27665155064996,126.679586999159,758.027205659849,17.3282095544971,0,0,0,100,4.89874306528439,0,0,96.8395215186327,3.16051503222191,0,0.018595621154385,0.00929784376576072,0,0
"117",8468433,88,"2F070",38.37948986,-78.50115737,4.32,1.938,11.616331,755.93,4.32,4.13,15.61,9.37605,294.26,1428.43,8.27665,126.967,890.127,13.0662,0,0,0,100,7.26921,0,0,95.5224,4.47761,0,0,0,0,0
"118",8468285,91,"2F072_1",38.44500635,-78.37121413,10.773,7.505,12.4867005004664,547.031569620253,10.773,4.460021839599,16.3359707769424,9.06816640683384,255.331623558897,1328.86301420217,7.99403484441902,106.181468671679,752.613080200501,19.8565138345865,0,0,0,100,2.26962767585631,0,0,98.5048468170426,1.49513168354219,0,0,0,0,0
"119",8468285,279,"VT59_1",38.44488028,-78.37171087,10.773,7.505,12.4867005004664,547.031569620253,10.773,4.460021839599,16.3359707769424,9.06816640683384,255.331623558897,1328.86301420217,7.99403484441902,106.181468671679,752.613080200501,19.8565138345865,0,0,0,100,2.26962767585631,0,0,98.5048468170426,1.49513168354219,0,0,0,0,0
"120",8468285,90,"2F072",38.44461219,-78.37170956,10.773,7.505,12.4867005004664,547.031569620253,10.773,4.460021839599,16.3359707769424,9.06816640683384,255.331623558897,1328.86301420217,7.99403484441902,106.181468671679,752.613080200501,19.8565138345865,0,0,0,100,2.26962767585631,0,0,98.5048468170426,1.49513168354219,0,0,0,0,0
"121",8468275,94,"2F075",38.45859056,-78.39872196,8.4852,5.012,10.4820215035914,581.814086193136,8.4852,4.32896345990666,16.0458093126856,9.11524050700042,258.792455876114,1341.98547730165,8.03546945481544,106.569364870598,790.276137250742,19.668435659737,0,0,0,100,2.81249443360204,0,0,98.1155362537123,1.88443753712346,0,0,0,0,0
"122",8468275,271,"SR09",38.45940727,-78.39075497,8.4852,5.012,10.4820215035914,581.814086193136,8.4852,4.32896345990666,16.0458093126856,9.11524050700042,258.792455876114,1341.98547730165,8.03546945481544,106.569364870598,790.276137250742,19.668435659737,0,0,0,100,2.81249443360204,0,0,98.1155362537123,1.88443753712346,0,0,0,0,0
"123",8468275,273,"SR13",38.45743544,-78.40175739,8.4852,5.012,10.4820215035914,581.814086193136,8.4852,4.32896345990666,16.0458093126856,9.11524050700042,258.792455876114,1341.98547730165,8.03546945481544,106.569364870598,790.276137250742,19.668435659737,0,0,0,100,2.81249443360204,0,0,98.1155362537123,1.88443753712346,0,0,0,0,0
"124",8468275,93,"2F074",38.45616108,-78.38047638,8.4852,5.012,10.4820215035914,581.814086193136,8.4852,4.32896345990666,16.0458093126856,9.11524050700042,258.792455876114,1341.98547730165,8.03546945481544,106.569364870598,790.276137250742,19.668435659737,0,0,0,100,2.81249443360204,0,0,98.1155362537123,1.88443753712346,0,0,0,0,0
"125",8468275,272,"SR11",38.45770967,-78.40071628,8.4852,5.012,10.4820215035914,581.814086193136,8.4852,4.32896345990666,16.0458093126856,9.11524050700042,258.792455876114,1341.98547730165,8.03546945481544,106.569364870598,790.276137250742,19.668435659737,0,0,0,100,2.81249443360204,0,0,98.1155362537123,1.88443753712346,0,0,0,0,0
"126",8468275,92,"2F073",38.45062148,-78.37953969,8.4852,5.012,10.4820215035914,581.814086193136,8.4852,4.32896345990666,16.0458093126856,9.11524050700042,258.792455876114,1341.98547730165,8.03546945481544,106.569364870598,790.276137250742,19.668435659737,0,0,0,100,2.81249443360204,0,0,98.1155362537123,1.88443753712346,0,0,0,0,0
"127",8468239,95,"2F076",38.46264641,-78.4099598,3.2166,1.276,13.556344,770.09,3.2166,3.8625,15.095,9.59067,268.308,1377.03,8.45524,110.008,954.19,18.6266,0,0,0,100,4.60282,0,0,96.8077,3.19228,0,0,0,0,0
"128",8468239,151,"2F306",38.46715257,-78.41823183,3.2166,1.276,13.556344,770.09,3.2166,3.8625,15.095,9.59067,268.308,1377.03,8.45524,110.008,954.19,18.6266,0,0,0,100,4.60282,0,0,96.8077,3.19228,0,0,0,0,0
"129",8468283,120,"2F136",38.49042678,-78.41822472,25.1307,10.673,4.87051579968144,572.282680127424,25.1307,4.22921087848727,15.9195872220034,9.25400510618487,261.549655445332,1330.64920280772,8.15905056261863,111.161196182359,791.613874010672,17.995424427891,0,0,0,100,4.3426063603481,0,0,97.3327439351073,2.66725806682663,0,0,0,0,0
"130",8468283,99,"2F092",38.45341816,-78.36824823,25.1307,10.673,4.87051579968144,572.282680127424,25.1307,4.22921087848727,15.9195872220034,9.25400510618487,261.549655445332,1330.64920280772,8.15905056261863,111.161196182359,791.613874010672,17.995424427891,0,0,0,100,4.3426063603481,0,0,97.3327439351073,2.66725806682663,0,0,0,0,0
"131",8468283,119,"2F135",38.46340496,-78.36741159,25.1307,10.673,4.87051579968144,572.282680127424,25.1307,4.22921087848727,15.9195872220034,9.25400510618487,261.549655445332,1330.64920280772,8.15905056261863,111.161196182359,791.613874010672,17.995424427891,0,0,0,100,4.3426063603481,0,0,97.3327439351073,2.66725806682663,0,0,0,0,0
"132",8468283,118,"2F134",38.44768973,-78.36512891,25.1307,10.673,4.87051579968144,572.282680127424,25.1307,4.22921087848727,15.9195872220034,9.25400510618487,261.549655445332,1330.64920280772,8.15905056261863,111.161196182359,791.613874010672,17.995424427891,0,0,0,100,4.3426063603481,0,0,97.3327439351073,2.66725806682663,0,0,0,0,0
"133",8468283,155,"2FVA4",38.47094363,-78.38236151,25.1307,10.673,4.87051579968144,572.282680127424,25.1307,4.22921087848727,15.9195872220034,9.25400510618487,261.549655445332,1330.64920280772,8.15905056261863,111.161196182359,791.613874010672,17.995424427891,0,0,0,100,4.3426063603481,0,0,97.3327439351073,2.66725806682663,0,0,0,0,0
"134",8468283,98,"2F091",38.46694953,-78.38284698,25.1307,10.673,4.87051579968144,572.282680127424,25.1307,4.22921087848727,15.9195872220034,9.25400510618487,261.549655445332,1330.64920280772,8.15905056261863,111.161196182359,791.613874010672,17.995424427891,0,0,0,100,4.3426063603481,0,0,97.3327439351073,2.66725806682663,0,0,0,0,0
"135",8468283,156,"2FVA5",38.48712671,-78.40670215,25.1307,10.673,4.87051579968144,572.282680127424,25.1307,4.22921087848727,15.9195872220034,9.25400510618487,261.549655445332,1330.64920280772,8.15905056261863,111.161196182359,791.613874010672,17.995424427891,0,0,0,100,4.3426063603481,0,0,97.3327439351073,2.66725806682663,0,0,0,0,0
"136",8468321,100,"2F093",38.44122244,-78.36781801,41.2812,21.075,7.20231087810202,522.309466666667,41.2812,4.45824086029476,16.3280821422342,9.07907931389642,256.620354342897,1315.11801190372,8.0041660841479,108.532144109183,727.946410329642,18.2733168963112,0.0202454123790006,0,0.0202454123790006,97.3197302585681,5.51211314380396,0,2.58563214005407,95.0186605105956,2.37544803571117,0.00289221107307927,0,0.00867663321923781,2.58563214005407,0
"137",5906841,101,"2F094",38.66565962,-78.37595598,12.7071,6.681,5.30290580152672,413.944770992366,12.7071,4.46317112472555,16.5171452864934,8.76049998544016,239.402701111977,1234.21003541327,7.67557093482877,106.952235781571,584.847142148877,16.65414100857,0,0,0,97.0653231673631,86.2037891989518,0,2.63926401728168,88.3235499327148,9.03718758693958,1.4606576448757,0,0.0655743690133862,2.63926401728168,0
"138",5906841,245,"PASSRUN",38.66678243,-78.37808923,12.7071,6.681,5.30290580152672,413.944770992366,12.7071,4.46317112472555,16.5171452864934,8.76049998544016,239.402701111977,1234.21003541327,7.67557093482877,106.952235781571,584.847142148877,16.65414100857,0,0,0,97.0653231673631,86.2037891989518,0,2.63926401728168,88.3235499327148,9.03718758693958,1.4606576448757,0,0.0655743690133862,2.63926401728168,0
"139",5906841,103,"2F096",38.65154742,-78.35223668,12.7071,6.681,5.30290580152672,413.944770992366,12.7071,4.46317112472555,16.5171452864934,8.76049998544016,239.402701111977,1234.21003541327,7.67557093482877,106.952235781571,584.847142148877,16.65414100857,0,0,0,97.0653231673631,86.2037891989518,0,2.63926401728168,88.3235499327148,9.03718758693958,1.4606576448757,0,0.0655743690133862,2.63926401728168,0
"140",5906841,153,"2F315",38.66155387,-78.37225738,12.7071,6.681,5.30290580152672,413.944770992366,12.7071,4.46317112472555,16.5171452864934,8.76049998544016,239.402701111977,1234.21003541327,7.67557093482877,106.952235781571,584.847142148877,16.65414100857,0,0,0,97.0653231673631,86.2037891989518,0,2.63926401728168,88.3235499327148,9.03718758693958,1.4606576448757,0,0.0655743690133862,2.63926401728168,0
"141",5906841,102,"2F095",38.65427741,-78.35781651,12.7071,6.681,5.30290580152672,413.944770992366,12.7071,4.46317112472555,16.5171452864934,8.76049998544016,239.402701111977,1234.21003541327,7.67557093482877,106.952235781571,584.847142148877,16.65414100857,0,0,0,97.0653231673631,86.2037891989518,0,2.63926401728168,88.3235499327148,9.03718758693958,1.4606576448757,0,0.0655743690133862,2.63926401728168,0
"142",5906875,106,"2F112",38.54307844,-78.42568583,23.0949,7.633,9.403848,650.235,23.0949,4.54294,16.8385,9.64348,239.684,1194.64,8.5019,105.463,570.831,15.5402,0.113507,0,0.113507,89.6684,52.8841,0,9.58105,84.1399,6.14488,0.619131,0.0206377,0.128986,9.58105,0
"143",5906875,104,"2F110",38.54889698,-78.43195855,23.0949,7.633,9.403848,650.235,23.0949,4.54294,16.8385,9.64348,239.684,1194.64,8.5019,105.463,570.831,15.5402,0.113507,0,0.113507,89.6684,52.8841,0,9.58105,84.1399,6.14488,0.619131,0.0206377,0.128986,9.58105,0
"144",5906875,135,"2F239",38.5552648,-78.42732754,23.0949,7.633,9.403848,650.235,23.0949,4.54294,16.8385,9.64348,239.684,1194.64,8.5019,105.463,570.831,15.5402,0.113507,0,0.113507,89.6684,52.8841,0,9.58105,84.1399,6.14488,0.619131,0.0206377,0.128986,9.58105,0
"145",5906875,105,"2F111",38.54576367,-78.42836288,23.0949,7.633,9.403848,650.235,23.0949,4.54294,16.8385,9.64348,239.684,1194.64,8.5019,105.463,570.831,15.5402,0.113507,0,0.113507,89.6684,52.8841,0,9.58105,84.1399,6.14488,0.619131,0.0206377,0.128986,9.58105,0
"146",5908575,108,"2F113_1",38.48609018,-78.50136031,12.879,6.243,4.39295784334455,562.315822521224,12.879,4.31556201956674,16.572082557652,9.8666019978836,249.870415234102,1234.79168413697,8.70002393123398,109.745464849755,711.952522851153,17.1974105520615,0.12030972327044,0,0.12030972327044,99.7369543116702,14.0256527777778,0,0.129871902865129,94.6680355695318,5.08176646191474,0,0.0092765750524109,0.12030972327044,0.129871902865129,1.77635683940025e-15
"147",5908575,109,"2F114",38.49635166,-78.49982962,12.879,6.243,4.39295784334455,562.315822521224,12.879,4.31556201956674,16.572082557652,9.8666019978836,249.870415234102,1234.79168413697,8.70002393123398,109.745464849755,711.952522851153,17.1974105520615,0.12030972327044,0,0.12030972327044,99.7369543116702,14.0256527777778,0,0.129871902865129,94.6680355695318,5.08176646191474,0,0.0092765750524109,0.12030972327044,0.129871902865129,1.77635683940025e-15
"148",5908575,107,"2F113",38.48755879,-78.49846789,12.879,6.243,4.39295784334455,562.315822521224,12.879,4.31556201956674,16.572082557652,9.8666019978836,249.870415234102,1234.79168413697,8.70002393123398,109.745464849755,711.952522851153,17.1974105520615,0.12030972327044,0,0.12030972327044,99.7369543116702,14.0256527777778,0,0.129871902865129,94.6680355695318,5.08176646191474,0,0.0092765750524109,0.12030972327044,0.129871902865129,1.77635683940025e-15
"149",5906887,110,"2F115",38.50061234,-78.48925194,6.7986,2.759,5.115708,640.43,6.7986,4.07,15.9936,9.87783,258.623,1271.81,8.71047,113.633,783.83,15.7167,0.22791,0,0.22791,99.7503,22.5281,0,0,91.0589,8.71318,0,0,0.22791,0,0
"150",5906863,125,"2F208",38.61279515,-78.39762936,44.1207,14.745,4.781896,589.165,44.1207,4.89788,17.3536,8.24562,223.927,1133.52,7.24735,99.1211,486.254,12.1209,0.0404705,0,0.0404705,62.6856,114.135,0,34.0573,57.282,8.60943,1.59724,0.140298,0.105223,34.0573,0
"151",5906863,112,"2F120",38.5698534,-78.39788204,44.1207,14.745,4.781896,589.165,44.1207,4.89788,17.3536,8.24562,223.927,1133.52,7.24735,99.1211,486.254,12.1209,0.0404705,0,0.0404705,62.6856,114.135,0,34.0573,57.282,8.60943,1.59724,0.140298,0.105223,34.0573,0
"152",5906863,111,"2F119",38.57452268,-78.40386251,44.1207,14.745,4.781896,589.165,44.1207,4.89788,17.3536,8.24562,223.927,1133.52,7.24735,99.1211,486.254,12.1209,0.0404705,0,0.0404705,62.6856,114.135,0,34.0573,57.282,8.60943,1.59724,0.140298,0.105223,34.0573,0
"153",5906863,113,"2F121",38.56634023,-78.39548193,44.1207,14.745,4.781896,589.165,44.1207,4.89788,17.3536,8.24562,223.927,1133.52,7.24735,99.1211,486.254,12.1209,0.0404705,0,0.0404705,62.6856,114.135,0,34.0573,57.282,8.60943,1.59724,0.140298,0.105223,34.0573,0
"154",5906891,114,"2F122",38.50134461,-78.55947952,5.2542,3.068,4.441932,466.09,5.2542,4.59778,17.18,8.54588890075684,234.591,1166.12,7.52842617034912,102.572,615.877,25.176,0,0,0,100,0.498979,0,0,99.5691,0.430937,0,0,0,0,0
"155",5906843,117,"2F131",38.63293738,-78.35798738,35.9406,9.064,1.17288449580759,283.894292806708,35.9406,4.9549927280012,17.531439685481,8.07012435017779,217.874994040166,1110.7815425452,7.08283476736615,96.5479264085741,463.720932488606,11.8751062603295,0.539352377923574,0,0.539352377923574,73.474416432113,258.311262893775,0,22.0529899684479,63.5594065558171,13.8483074287575,5.13946741864076,0.281488351780438,0.542731656132619,22.0529899684479,0
"156",5906843,122,"2F140",38.61594819,-78.37935174,35.9406,9.064,1.17288449580759,283.894292806708,35.9406,4.9549927280012,17.531439685481,8.07012435017779,217.874994040166,1110.7815425452,7.08283476736615,96.5479264085741,463.720932488606,11.8751062603295,0.539352377923574,0,0.539352377923574,73.474416432113,258.311262893775,0,22.0529899684479,63.5594065558171,13.8483074287575,5.13946741864076,0.281488351780438,0.542731656132619,22.0529899684479,0
"157",5908047,124,"2F205",38.4897973,-78.56670872,6.3297,4.458,4.34230492687304,455.273766262898,6.3297,4.6392382127115,17.2898011517134,8.79864709355689,230.594494810181,1148.66763543296,7.7518806891553,100.591312555097,590.297995876582,19.1111099388597,0,0,0,99.0738724868477,0.735513157969572,0,0.924105835347647,99.000453661311,0.0754370709512299,0,0.264030091568321,0,0.924105835347647,0
"158",8468427,126,"2F212",38.39216801,-78.48038596,4.5657,3.764,15.346011597237,604.587205100956,4.5657,4.6230634082397,16.7513930021683,9.28043196040025,285.99089749655,1408.42109599842,8.19322544289404,126.96046579933,742.541372363493,19.2707892371378,0,0,0,100,1.43987304750641,0,0,98.7171935935344,1.28279074512123,0,0,0,0,0
"159",8466047,131,"2F217",38.58510077,-78.28479053,51.8841,18.663,5.07615028527032,368.475216471093,51.8841,4.6999342864577,16.7870745702441,8.9340121900602,248.129289614737,1333.40338271262,7.85379012836252,110.016064164166,612.534462748703,16.1535336848861,0.169726972748877,0.169726972748877,0,93.1868728095891,9.59432259635033,0.139910255650575,6.48404545785703,90.8772730732537,2.63868748335617,0.0160584902265434,0.155965348332148,0.0206441057256847,6.34411238703187,7.105427357601e-15
"160",8468335,132,"2F221",38.42201637,-78.38238805,8.2494,4.598,8.98611130730752,406.406982383645,8.2494,5.16814087388174,17.6706323368972,8.99574304149151,246.601797512546,1288.46259764346,7.93049847856381,108.306897556186,514.999567423085,17.2120483198778,0,0,0,90.6280798603535,11.1494847807113,0,9.15388582806022,89.3421751581933,1.50395194195942,0.144611111717216,0.0433832688740999,0,9.15388582806022,0
"161",8468773,154,"2FVA10",38.43249006,-78.43393929,14.5998,4.56,7.361451,581.58,14.5998,4.37524,16.1643,9.5827,265.009,1362.13,8.44856,113.418,790.029,20.0552,0,0,0,100,3.52567,0,0,98.0984,1.90158,0,0,0,0,0
"162",8468773,133,"2F222",38.45067234,-78.44577944,14.5998,4.56,7.361451,581.58,14.5998,4.37524,16.1643,9.5827,265.009,1362.13,8.44856,113.418,790.029,20.0552,0,0,0,100,3.52567,0,0,98.0984,1.90158,0,0,0,0,0
"163",8468773,148,"2F255",38.45876909,-78.44317206,14.5998,4.56,7.361451,581.58,14.5998,4.37524,16.1643,9.5827,265.009,1362.13,8.44856,113.418,790.029,20.0552,0,0,0,100,3.52567,0,0,98.0984,1.90158,0,0,0,0,0
"164",5908579,134,"2F238",38.46476003,-78.5004966,8.7912,4.107,10.9167155629413,602.242937667397,8.7912,4.14779803951679,16.0836304156429,9.1750095453934,260.708123771499,1287.26879709255,8.08859036585818,114.41086496724,760.781954135954,17.7157636261261,0,0,0,100,6.41027287366912,0,0,96.6727564189189,3.32722203931204,0,0,0,0,0
"165",5908131,136,"2F240",38.42250083,-78.52158828,5.9841,3.743,6.9314747870692,503.37292145338,5.9841,4.31665588810347,16.3233016995037,8.82174477256542,261.350463377952,1287.8155000752,7.77939693584307,114.251308768236,685.449081064822,17.1013101519025,0,0,0,99.1403574221687,11.0299606557377,0,0.840623708828395,97.2010004060761,1.95835866295684,0.240339407429689,0,0.0200282691382163,0.840623708828395,0
"166",8468425,137,"2F241",38.3958723,-78.469418,2.781,1.818,12.5497,472.27,2.781,4.925,17.3675,9.2071475982666,273.54,1361.56,8.12928771972656,122.42,657.327,19.1346,0,0,0,99.7801,3.08351,0,0.214133,97.1734,2.61242,0,0,0,0.214133,0
"167",8468317,138,"2F242",38.43543692,-78.46800181,5.9769,4.331,12.273857,675.845,5.9769,4.206,16.021,9.55293,268.655,1376.43,8.42209,122.996,825.72,18.6191,0,0,0,100,1.60032,0,0,98.9798,1.0202,0,0,0,0,0
"168",5908165,139,"2F243",38.4033715,-78.53454667,14.8707,10.714,4.97560517901811,518.368095015867,14.8707,5.03576941233432,17.6988804091267,7.88252932550504,230.26997076802,1151.04662046844,6.94665112370703,99.9168733886098,506.235624341827,9.20711582521334,0,0,0,75.3118521212855,145.883388627973,0,22.0042080009683,67.7546703867336,10.2411206409248,2.27740790050233,0.53727552139442,0.0721713211765418,22.0042080009683,0
"169",5908201,140,"2F244",38.38035772,-78.54912073,8.658,4.863,7.477292,526.525,8.658,4.85929,17.0607,8.19222,250.635,1248.04,7.22969,107.762,595.895,14.8262,0,0,0,88.6925,19.7191,0,10.8372,85.0041,4.15863,0.110162,0.123933,0.0550812,10.8372,0
"170",5908045,141,"2F245",38.49488101,-78.51628943,4.068,2.546,6.98137485860173,508.780958366064,4.068,4.6644778761062,17.4420995575221,9.60991697977724,236.813017699115,1178.52654867257,8.47239567904731,103.849223451327,607.647987168142,18.0272500884956,0,0,0,92.5775657522124,2.04995974778761,0,7.3985889380531,91.6922871238938,0.909130852212389,0,0,0,7.3985889380531,0
"171",5908219,142,"2F247",38.37704883,-78.57194487,4.5081,3.245,9.847172,542.845,4.5081,5.20167,16.99,9.19989967346191,248.638,1246.43,8.14766693115234,105.355,600.203,14.5291,0,0,0,99.2255,82.2765,0,0.689838,88.3789,10.9313,1.11435,0,0,0.689838,0
"172",5906881,143,"2F250",38.52320818,-78.45867474,17.3889,9.338,7.367979,636.875,17.3889,4.6748,17.3208,8.61572,235.036,1173.43,7.59581,103.317,559.187,13.9419,0,0,0,85.3467,62.016,0,13.6572,79.545,6.74981,0.774344,0,0.068526,13.6572,0
"173",5906881,235,"BM",38.52039277,-78.44813801,17.3889,9.338,7.367979,636.875,17.3889,4.6748,17.3208,8.61572,235.036,1173.43,7.59581,103.317,559.187,13.9419,0,0,0,85.3467,62.016,0,13.6572,79.545,6.74981,0.774344,0,0.068526,13.6572,0
"174",5908123,147,"2F254",38.42548868,-78.54317359,25.7283,12.42,4.90801411038647,450.247327294686,25.7283,4.59173086997586,17.1061424493651,8.77029360191377,244.852989645643,1216.46340644349,7.73148566944356,107.379942197502,607.596810228426,16.4580313709029,0,0,0,96.0269686885647,18.6364149998251,0,3.81164776576766,93.6579631685731,2.53040733305349,0.259607631643754,0.0138883750655893,0.00465833985727778,3.81164776576766,0
"175",5908123,144,"2F251",38.42966739,-78.53794697,25.7283,12.42,4.90801411038647,450.247327294686,25.7283,4.59173086997586,17.1061424493651,8.77029360191377,244.852989645643,1216.46340644349,7.73148566944356,107.379942197502,607.596810228426,16.4580313709029,0,0,0,96.0269686885647,18.6364149998251,0,3.81164776576766,93.6579631685731,2.53040733305349,0.259607631643754,0.0138883750655893,0.00465833985727778,3.81164776576766,0
"176",8468375,158,"2FVA9",38.41802061,-78.43656859,27.2952,11.955,8.12532749769971,560.785470096194,27.2952,4.45476632583751,16.429153343445,9.54574078343445,263.488960795305,1359.34897256661,8.41619767079926,116.616805493274,748.11255335004,19.6496608909259,0,0,0,100,4.00190676470588,0,0,98.2699880506463,1.7300110973358,0,0.0437042668491163,0,0,0
"177",8468375,157,"2FVA8",38.41143727,-78.43900726,27.2952,11.955,8.12532749769971,560.785470096194,27.2952,4.45476632583751,16.429153343445,9.54574078343445,263.488960795305,1359.34897256661,8.41619767079926,116.616805493274,748.11255335004,19.6496608909259,0,0,0,100,4.00190676470588,0,0,98.2699880506463,1.7300110973358,0,0.0437042668491163,0,0,0
"178",8567091,214,"3F220",38.28239058,-78.62364104,27.1026,9.054,4.81683806671085,414.866842279655,27.1026,6.22978004781829,17.6784810520024,10.2759934895955,254.631166766288,1349.78852958757,9.21339313816725,117.878726240287,584.137199641363,17.1154299462044,0,0,0,94.6111993424985,14.395018601315,0,5.20493293484758,91.3565693962941,3.39878884040646,0.0838793398087268,0.0353176521219366,0.0132441195457262,5.20493293484758,0
"179",8567091,159,"3F018",38.27960208,-78.64067562,27.1026,9.054,4.81683806671085,414.866842279655,27.1026,6.22978004781829,17.6784810520024,10.2759934895955,254.631166766288,1349.78852958757,9.21339313816725,117.878726240287,584.137199641363,17.1154299462044,0,0,0,94.6111993424985,14.395018601315,0,5.20493293484758,91.3565693962941,3.39878884040646,0.0838793398087268,0.0353176521219366,0.0132441195457262,5.20493293484758,0
"180",8566419,161,"3F020",38.27764076,-78.65475433,4.3416,1.459,8.704354,592.31,4.3416,4.86714,16.4186,10.804407119751,272.399,1466.27,9.66290473937988,129.673,797.52,18.8451,0,0,0,100,8.61784,0,0,96.4207,3.55176,0,0,0,0,0
"181",8566419,160,"3F019",38.28326931,-78.65347208,4.3416,1.459,8.704354,592.31,4.3416,4.86714,16.4186,10.804407119751,272.399,1466.27,9.66290473937988,129.673,797.52,18.8451,0,0,0,100,8.61784,0,0,96.4207,3.55176,0,0,0,0,0
"182",5908321,163,"3F022",38.28894667,-78.69806754,34.9299,15.661,3.95207667345636,443.788592043931,34.9299,5.68645730926799,17.4352155857875,9.63139980031434,231.754996289712,1214.50531086548,8.61127001726315,101.610862783747,598.477437221406,19.7745420757002,0.0376474614155781,0,0.0376474614155781,98.8348358068589,12.5280640363299,0,1.095194983381,96.9670795058102,1.81793630496509,0.157434087629796,0.0410697353842983,0.05475974916905,1.095194983381,0
"183",5908321,215,"3F257",38.31352483,-78.70546917,34.9299,15.661,3.95207667345636,443.788592043931,34.9299,5.68645730926799,17.4352155857875,9.63139980031434,231.754996289712,1214.50531086548,8.61127001726315,101.610862783747,598.477437221406,19.7745420757002,0.0376474614155781,0,0.0376474614155781,98.8348358068589,12.5280640363299,0,1.095194983381,96.9670795058102,1.81793630496509,0.157434087629796,0.0410697353842983,0.05475974916905,1.095194983381,0
"184",5908321,162,"3F021",38.30639617,-78.70359747,34.9299,15.661,3.95207667345636,443.788592043931,34.9299,5.68645730926799,17.4352155857875,9.63139980031434,231.754996289712,1214.50531086548,8.61127001726315,101.610862783747,598.477437221406,19.7745420757002,0.0376474614155781,0,0.0376474614155781,98.8348358068589,12.5280640363299,0,1.095194983381,96.9670795058102,1.81793630496509,0.157434087629796,0.0410697353842983,0.05475974916905,1.095194983381,0
"185",5908321,234,"BIGRUN",38.31349898,-78.7053859,34.9299,15.661,3.95207667345636,443.788592043931,34.9299,5.68645730926799,17.4352155857875,9.63139980031434,231.754996289712,1214.50531086548,8.61127001726315,101.610862783747,598.477437221406,19.7745420757002,0.0376474614155781,0,0.0376474614155781,98.8348358068589,12.5280640363299,0,1.095194983381,96.9670795058102,1.81793630496509,0.157434087629796,0.0410697353842983,0.05475974916905,1.095194983381,0
"186",5908321,186,"3F097",38.29713428,-78.6997454,34.9299,15.661,3.95207667345636,443.788592043931,34.9299,5.68645730926799,17.4352155857875,9.63139980031434,231.754996289712,1214.50531086548,8.61127001726315,101.610862783747,598.477437221406,19.7745420757002,0.0376474614155781,0,0.0376474614155781,98.8348358068589,12.5280640363299,0,1.095194983381,96.9670795058102,1.81793630496509,0.157434087629796,0.0410697353842983,0.05475974916905,1.095194983381,0
"187",5908347,187,"3F098",38.26567586,-78.69895401,15.8022,5.919,6.65618216472377,534.904034465281,15.8022,5.50254769905456,17.0677178949766,10.6044631051373,242.693358355166,1290.07017541861,9.51869514978927,106.866143695182,669.325595170293,21.5216616926757,0,0,0,100,4.35379371420435,0,0,98.4553664654289,1.51434597744618,0,0,0,0,0
"188",5908347,190,"3F101",38.2609115,-78.7020608,15.8022,5.919,6.65618216472377,534.904034465281,15.8022,5.50254769905456,17.0677178949766,10.6044631051373,242.693358355166,1290.07017541861,9.51869514978927,106.866143695182,669.325595170293,21.5216616926757,0,0,0,100,4.35379371420435,0,0,98.4553664654289,1.51434597744618,0,0,0,0,0
"189",5908347,164,"3F023",38.27217913,-78.69905732,15.8022,5.919,6.65618216472377,534.904034465281,15.8022,5.50254769905456,17.0677178949766,10.6044631051373,242.693358355166,1290.07017541861,9.51869514978927,106.866143695182,669.325595170293,21.5216616926757,0,0,0,100,4.35379371420435,0,0,98.4553664654289,1.51434597744618,0,0,0,0,0
"190",5908593,165,"3F024",38.25840854,-78.77865582,22.2687,15.715,4.28180868202354,458.166786827871,22.2687,5.73616710221073,17.7791751283191,9.74483290600549,226.975587843026,1173.92784828032,8.72729383986009,92.9790915410419,563.511483409449,15.6725814088833,0.0376280360101847,0,0.0376280360101847,96.2979732853736,63.4989375095987,0,3.3703980438912,91.7081277371378,4.69568887107465,1.63950510851554,0.193515479933719,0.118259407913349,3.3703980438912,0
"191",5908593,166,"3F025",38.25485195,-78.75842689,22.2687,15.715,4.28180868202354,458.166786827871,22.2687,5.73616710221073,17.7791751283191,9.74483290600549,226.975587843026,1173.92784828032,8.72729383986009,92.9790915410419,563.511483409449,15.6725814088833,0.0376280360101847,0,0.0376280360101847,96.2979732853736,63.4989375095987,0,3.3703980438912,91.7081277371378,4.69568887107465,1.63950510851554,0.193515479933719,0.118259407913349,3.3703980438912,0
"192",5908593,227,"3F271",38.25136112,-78.74887342,22.2687,15.715,4.28180868202354,458.166786827871,22.2687,5.73616710221073,17.7791751283191,9.74483290600549,226.975587843026,1173.92784828032,8.72729383986009,92.9790915410419,563.511483409449,15.6725814088833,0.0376280360101847,0,0.0376280360101847,96.2979732853736,63.4989375095987,0,3.3703980438912,91.7081277371378,4.69568887107465,1.63950510851554,0.193515479933719,0.118259407913349,3.3703980438912,0
"193",5908593,167,"3F026",38.25204021,-78.74829114,22.2687,15.715,4.28180868202354,458.166786827871,22.2687,5.73616710221073,17.7791751283191,9.74483290600549,226.975587843026,1173.92784828032,8.72729383986009,92.9790915410419,563.511483409449,15.6725814088833,0.0376280360101847,0,0.0376280360101847,96.2979732853736,63.4989375095987,0,3.3703980438912,91.7081277371378,4.69568887107465,1.63950510851554,0.193515479933719,0.118259407913349,3.3703980438912,0
"194",8567081,168,"3F041",38.34211386,-78.5112756,19.7181,10.909,7.79206767861399,478.273460903841,19.7181,5.87024127071067,17.0930403487151,9.68032289414202,280.888015883883,1372.6815934091,8.58176128498427,120.092963348396,634.833192021544,16.3116943310968,0,0,0,98.7582226482268,34.095752766443,0,1.15100116390524,92.5446184581679,6.30437053402711,0.285143353891095,0.0181737354511844,0,1.15100116390524,0
"195",8566391,169,"3F042",38.34619155,-78.51916295,8.0028,3.684,8.73269660152009,560.704169381107,8.0028,5.07236015519568,16.4220164192533,10.2269019183263,285.568168016194,1408.80596716149,9.0606103826721,122.804788573999,729.50714957265,16.6112566801619,0,0,0,100,45.0386671165092,0,0,92.8690894062078,7.13091059379217,0.538388450292398,0,0,0,0
"196",8566387,170,"3F043",38.3489521,-78.53341421,7.335,2.728,10.266589,600.435,7.335,4.89231,16.2738,10.2269,285.629,1411.18,9.06061,122.838,750.605,16.7547,0,0,0,100,35.4418,0,0,93.6746,6.3254,0.391262,0,0,0,0
"197",8566587,171,"3F044",38.18288034,-78.73809475,17.1549,9.752,5.9090184911813,593.754226312551,17.1549,5.33483347463407,16.9892422852946,10.7828904250931,274.261180630607,1370.21014479828,9.74402612894008,108.943432611091,720.262441319973,17.3662117674833,0,0,0,100,7.96922930538796,0,0,97.1478285084728,2.85214479565605,0,0,0,0,0
"198",8566587,182,"3F085",38.17522904,-78.73990728,17.1549,9.752,5.9090184911813,593.754226312551,17.1549,5.33483347463407,16.9892422852946,10.7828904250931,274.261180630607,1370.21014479828,9.74402612894008,108.943432611091,720.262441319973,17.3662117674833,0,0,0,100,7.96922930538796,0,0,97.1478285084728,2.85214479565605,0,0,0,0,0
"199",8567117,240,"MOORMANS",38.14236402,-78.74978902,26.0937,15.148,6.48925361453657,545.311061196198,26.0937,5.43693054944297,17.113955837616,10.6364299449074,275.14360514607,1363.94163177319,9.63248280356386,108.870298106439,694.452167557686,18.5310029213948,0,0,0,100,10.7652298827303,0,0,97.2475645983513,2.75241730866071,0.0505220751215811,0,0,0,0
"200",8567117,181,"3F084",38.14793491,-78.74880152,26.0937,15.148,6.48925361453657,545.311061196198,26.0937,5.43693054944297,17.113955837616,10.6364299449074,275.14360514607,1363.94163177319,9.63248280356386,108.870298106439,694.452167557686,18.5310029213948,0,0,0,100,10.7652298827303,0,0,97.2475645983513,2.75241730866071,0.0505220751215811,0,0,0,0
"201",8567117,173,"3F046",38.14194376,-78.74956254,26.0937,15.148,6.48925361453657,545.311061196198,26.0937,5.43693054944297,17.113955837616,10.6364299449074,275.14360514607,1363.94163177319,9.63248280356386,108.870298106439,694.452167557686,18.5310029213948,0,0,0,100,10.7652298827303,0,0,97.2475645983513,2.75241730866071,0.0505220751215811,0,0,0,0
"202",8567117,172,"3F045",38.16422908,-78.74400623,26.0937,15.148,6.48925361453657,545.311061196198,26.0937,5.43693054944297,17.113955837616,10.6364299449074,275.14360514607,1363.94163177319,9.63248280356386,108.870298106439,694.452167557686,18.5310029213948,0,0,0,100,10.7652298827303,0,0,97.2475645983513,2.75241730866071,0.0505220751215811,0,0,0,0
"203",8567121,180,"3F083",38.11300634,-78.77064795,14.454,5.152,5.69706,442.685,14.454,5.75318,17.3791,9.60994,278.72,1358.73,8.77281,109.758,629.347,17.3524,0,0,0,98.7639,8.45899,0,1.18476,94.6645,4.15079,0,0,0,1.18476,0
"204",8567121,174,"3F077",38.11870651,-78.76784056,14.454,5.152,5.69706,442.685,14.454,5.75318,17.3791,9.60994,278.72,1358.73,8.77281,109.758,629.347,17.3524,0,0,0,98.7639,8.45899,0,1.18476,94.6645,4.15079,0,0,0,1.18476,0
"205",8567121,179,"3F082",38.11871767,-78.76676805,14.454,5.152,5.69706,442.685,14.454,5.75318,17.3791,9.60994,278.72,1358.73,8.77281,109.758,629.347,17.3524,0,0,0,98.7639,8.45899,0,1.18476,94.6645,4.15079,0,0,0,1.18476,0
"206",8567113,177,"3F080",38.17057308,-78.75413137,3.6288,2.383,12.334229,566.12,3.6288,5.14833,16.9367,10.9685,283.665,1373.38,9.93909,109.362,720.4,20.6261,0,0,0,100,25.4461,0,0,96.1666,3.83344,0.198282,0,0,0,0
"207",8567113,175,"3F078",38.1657424,-78.74538773,3.6288,2.383,12.334229,566.12,3.6288,5.14833,16.9367,10.9685,283.665,1373.38,9.93909,109.362,720.4,20.6261,0,0,0,100,25.4461,0,0,96.1666,3.83344,0.198282,0,0,0,0
"208",8567113,176,"3F079",38.16648405,-78.74717468,3.6288,2.383,12.334229,566.12,3.6288,5.14833,16.9367,10.9685,283.665,1373.38,9.93909,109.362,720.4,20.6261,0,0,0,100,25.4461,0,0,96.1666,3.83344,0.198282,0,0,0,0
"209",8566663,178,"3F081",38.1405001,-78.75181462,2.9538,2.263,19.522006,521.9,2.9538,5.52,17.1875,11.0001182556152,275.64,1362.2,9.99269676208496,112.188,714.386,21.1044,0,0,0,100,10.4107,0,0,96.95,3.05002,0,0,0,0,0
"210",8566567,184,"3F087",38.22962603,-78.69308798,29.7432,13.268,6.84138356346096,462.047759647272,29.7432,6.15933694081336,17.897510160978,10.7851994841457,256.158128752118,1308.96752541757,9.74788723844973,108.866720618494,557.640520243283,15.6892504206003,0.0161000130718954,0,0.0161000130718954,92.7661840958606,18.9802002236141,0,6.9793834422658,89.3263897149601,3.64199001815541,0.0805000653594771,0.0322000261437909,0.0402500326797386,6.9793834422658,3.5527136788005e-15
"211",8566567,183,"3F086",38.22274066,-78.68661759,29.7432,13.268,6.84138356346096,462.047759647272,29.7432,6.15933694081336,17.897510160978,10.7851994841457,256.158128752118,1308.96752541757,9.74788723844973,108.866720618494,557.640520243283,15.6892504206003,0.0161000130718954,0,0.0161000130718954,92.7661840958606,18.9802002236141,0,6.9793834422658,89.3263897149601,3.64199001815541,0.0805000653594771,0.0322000261437909,0.0402500326797386,6.9793834422658,3.5527136788005e-15
"212",8566453,185,"3F088",38.23873248,-78.69108648,3.3777,1.77,13.4056229966102,677.424621468926,3.3777,4.85316147082334,16.3831614708233,11.6392116546631,274.635405542233,1447.49341326938,10.4706954956055,122.275019984013,807.910695177192,15.5955985611511,0,0,0,100,13.61319882494,0,0,94.7308329602984,5.26915174527045,0,0,0,0,0
"213",5908269,191,"3F102",38.32965405,-78.66782602,9.1683,7.546,4.01880229817122,417.410768619136,9.1683,6.05304060371061,17.9606174143516,8.28602376852852,218.4790839305,1117.29036222637,7.35854516148032,95.1212224010994,505.84448571709,17.1733615981152,0.390404443015608,0,0.390404443015608,95.6741438107392,27.92958881123,0,3.81295210562482,93.4929796603515,2.30364543359183,0.442458420535977,0,0.28629648797487,3.81295210562482,0
"214",5908269,192,"3F103",38.33422009,-78.67156204,9.1683,7.546,4.01880229817122,417.410768619136,9.1683,6.05304060371061,17.9606174143516,8.28602376852852,218.4790839305,1117.29036222637,7.35854516148032,95.1212224010994,505.84448571709,17.1733615981152,0.390404443015608,0,0.390404443015608,95.6741438107392,27.92958881123,0,3.81295210562482,93.4929796603515,2.30364543359183,0.442458420535977,0,0.28629648797487,3.81295210562482,0
"215",5908269,188,"3F099",38.32229219,-78.65967576,9.1683,7.546,4.01880229817122,417.410768619136,9.1683,6.05304060371061,17.9606174143516,8.28602376852852,218.4790839305,1117.29036222637,7.35854516148032,95.1212224010994,505.84448571709,17.1733615981152,0.390404443015608,0,0.390404443015608,95.6741438107392,27.92958881123,0,3.81295210562482,93.4929796603515,2.30364543359183,0.442458420535977,0,0.28629648797487,3.81295210562482,0
"216",5908269,277,"VT53",38.33388,-78.67119,9.1683,7.546,4.01880229817122,417.410768619136,9.1683,6.05304060371061,17.9606174143516,8.28602376852852,218.4790839305,1117.29036222637,7.35854516148032,95.1212224010994,505.84448571709,17.1733615981152,0.390404443015608,0,0.390404443015608,95.6741438107392,27.92958881123,0,3.81295210562482,93.4929796603515,2.30364543359183,0.442458420535977,0,0.28629648797487,3.81295210562482,0
"217",5908325,189,"3F100",38.28659433,-78.6952866,8.4402,2.712,4.323575,467.255,8.4402,5.72071,17.2621,10.8044,243.35,1277.41,9.6629,110.044,640.922,23.4305,0,0,0,100,8.42776,0,0,98.5411,1.45892,0,0,0,0,0
"218",5908305,193,"3F104",38.30077551,-78.73288002,3.6576,3.821,5.54320677728343,453.429395446218,3.6576,5.72069881889764,17.7511712598425,8.06001467404403,208.287842519685,1084.85043307087,7.19251114176953,87.5447933070866,573.729905511811,19.595362992126,0,0,0,99.7069881889764,0,0,0.293022047244094,99.7069881889764,0,0,0.0651159251968504,0,0.293022047244094,0
"219",5908329,195,"3F106",38.29361828,-78.72575881,2.7216,2.128,6.339565,498.26,2.7216,5.7175,17.4025,8.29487705230713,209.833,1099.89,7.41609191894531,88.7725,632.689,24.5244,0,0,0,100,0,0,0,100,0,0,0,0,0,0
"220",5908329,194,"3F105",38.29669653,-78.72767438,2.7216,2.128,6.339565,498.26,2.7216,5.7175,17.4025,8.29487705230713,209.833,1099.89,7.41609191894531,88.7725,632.689,24.5244,0,0,0,100,0,0,0,100,0,0,0,0,0,0
"221",5908783,217,"3F260",38.15227355,-78.79447616,511.1109,388.163,3.08138364845954,501.26954273076,358.8084,5.51664047702897,17.9889457198326,9.53341384955542,240.824949073935,1168.42421505182,8.51780435142282,96.3513446357443,508.308039924651,8.37767226453561,0.414402688367496,0.00133775998555218,0.413064928381944,68.0784887675205,447.109685664891,0.00133609231556452,22.7605470098727,58.6819222798714,18.1057031165984,9.01909614126007,0.614632813392078,0.482858643539867,22.7592109073734,152.3025
"222",5908783,198,"3F109",38.16534387,-78.79606489,511.1109,388.163,3.08138364845954,501.26954273076,358.8084,5.51664047702897,17.9889457198326,9.53341384955542,240.824949073935,1168.42421505182,8.51780435142282,96.3513446357443,508.308039924651,8.37767226453561,0.414402688367496,0.00133775998555218,0.413064928381944,68.0784887675205,447.109685664891,0.00133609231556452,22.7605470098727,58.6819222798714,18.1057031165984,9.01909614126007,0.614632813392078,0.482858643539867,22.7592109073734,152.3025
"223",5908783,197,"3F108",38.160223,-78.80313581,511.1109,388.163,3.08138364845954,501.26954273076,358.8084,5.51664047702897,17.9889457198326,9.53341384955542,240.824949073935,1168.42421505182,8.51780435142282,96.3513446357443,508.308039924651,8.37767226453561,0.414402688367496,0.00133775998555218,0.413064928381944,68.0784887675205,447.109685664891,0.00133609231556452,22.7605470098727,58.6819222798714,18.1057031165984,9.01909614126007,0.614632813392078,0.482858643539867,22.7592109073734,152.3025
"224",5908783,196,"3F107",38.15893016,-78.81183524,511.1109,388.163,3.08138364845954,501.26954273076,358.8084,5.51664047702897,17.9889457198326,9.53341384955542,240.824949073935,1168.42421505182,8.51780435142282,96.3513446357443,508.308039924651,8.37767226453561,0.414402688367496,0.00133775998555218,0.413064928381944,68.0784887675205,447.109685664891,0.00133609231556452,22.7605470098727,58.6819222798714,18.1057031165984,9.01909614126007,0.614632813392078,0.482858643539867,22.7592109073734,152.3025
"225",5908783,275,"VT36",38.1587,-78.8059,511.1109,388.163,3.08138364845954,501.26954273076,358.8084,5.51664047702897,17.9889457198326,9.53341384955542,240.824949073935,1168.42421505182,8.51780435142282,96.3513446357443,508.308039924651,8.37767226453561,0.414402688367496,0.00133775998555218,0.413064928381944,68.0784887675205,447.109685664891,0.00133609231556452,22.7605470098727,58.6819222798714,18.1057031165984,9.01909614126007,0.614632813392078,0.482858643539867,22.7592109073734,152.3025
"226",5908397,252,"PR05",38.1954935,-78.78915673,15.435,8.015,4.19370733437305,499.871260137243,15.435,5.56713842565598,17.4239251778426,9.76598839183674,260.186050612245,1242.72635685131,8.77452476851312,94.4360094927114,612.481526180758,20.2651100991254,0,0,0,99.2952116151604,14.6633602833819,0,0.682756876501458,96.4856730962099,2.74626807463557,0.15517171451895,0.0232758404664723,0.00775860238367347,0.682756876501458,0
"227",5908397,256,"PR15",38.19718313,-78.77366822,15.435,8.015,4.19370733437305,499.871260137243,15.435,5.56713842565598,17.4239251778426,9.76598839183674,260.186050612245,1242.72635685131,8.77452476851312,94.4360094927114,612.481526180758,20.2651100991254,0,0,0,99.2952116151604,14.6633602833819,0,0.682756876501458,96.4856730962099,2.74626807463557,0.15517171451895,0.0232758404664723,0.00775860238367347,0.682756876501458,0
"228",5908397,243,"NPR3",38.19757632,-78.76787181,15.435,8.015,4.19370733437305,499.871260137243,15.435,5.56713842565598,17.4239251778426,9.76598839183674,260.186050612245,1242.72635685131,8.77452476851312,94.4360094927114,612.481526180758,20.2651100991254,0,0,0,99.2952116151604,14.6633602833819,0,0.682756876501458,96.4856730962099,2.74626807463557,0.15517171451895,0.0232758404664723,0.00775860238367347,0.682756876501458,0
"229",5908397,260,"PR25",38.1978274,-78.76537035,15.435,8.015,4.19370733437305,499.871260137243,15.435,5.56713842565598,17.4239251778426,9.76598839183674,260.186050612245,1242.72635685131,8.77452476851312,94.4360094927114,612.481526180758,20.2651100991254,0,0,0,99.2952116151604,14.6633602833819,0,0.682756876501458,96.4856730962099,2.74626807463557,0.15517171451895,0.0232758404664723,0.00775860238367347,0.682756876501458,0
"230",5908397,261,"PR26",38.20189865,-78.76338457,15.435,8.015,4.19370733437305,499.871260137243,15.435,5.56713842565598,17.4239251778426,9.76598839183674,260.186050612245,1242.72635685131,8.77452476851312,94.4360094927114,612.481526180758,20.2651100991254,0,0,0,99.2952116151604,14.6633602833819,0,0.682756876501458,96.4856730962099,2.74626807463557,0.15517171451895,0.0232758404664723,0.00775860238367347,0.682756876501458,0
"231",5908397,258,"PR19",38.19692847,-78.76880044,15.435,8.015,4.19370733437305,499.871260137243,15.435,5.56713842565598,17.4239251778426,9.76598839183674,260.186050612245,1242.72635685131,8.77452476851312,94.4360094927114,612.481526180758,20.2651100991254,0,0,0,99.2952116151604,14.6633602833819,0,0.682756876501458,96.4856730962099,2.74626807463557,0.15517171451895,0.0232758404664723,0.00775860238367347,0.682756876501458,0
"232",5908397,251,"PR04",38.19636149,-78.78883361,15.435,8.015,4.19370733437305,499.871260137243,15.435,5.56713842565598,17.4239251778426,9.76598839183674,260.186050612245,1242.72635685131,8.77452476851312,94.4360094927114,612.481526180758,20.2651100991254,0,0,0,99.2952116151604,14.6633602833819,0,0.682756876501458,96.4856730962099,2.74626807463557,0.15517171451895,0.0232758404664723,0.00775860238367347,0.682756876501458,0
"233",5908397,265,"PR37",38.19806684,-78.78847372,15.435,8.015,4.19370733437305,499.871260137243,15.435,5.56713842565598,17.4239251778426,9.76598839183674,260.186050612245,1242.72635685131,8.77452476851312,94.4360094927114,612.481526180758,20.2651100991254,0,0,0,99.2952116151604,14.6633602833819,0,0.682756876501458,96.4856730962099,2.74626807463557,0.15517171451895,0.0232758404664723,0.00775860238367347,0.682756876501458,0
"234",5908397,253,"PR09",38.19322123,-78.78382494,15.435,8.015,4.19370733437305,499.871260137243,15.435,5.56713842565598,17.4239251778426,9.76598839183674,260.186050612245,1242.72635685131,8.77452476851312,94.4360094927114,612.481526180758,20.2651100991254,0,0,0,99.2952116151604,14.6633602833819,0,0.682756876501458,96.4856730962099,2.74626807463557,0.15517171451895,0.0232758404664723,0.00775860238367347,0.682756876501458,0
"235",5908397,259,"PR21",38.1965143,-78.76739724,15.435,8.015,4.19370733437305,499.871260137243,15.435,5.56713842565598,17.4239251778426,9.76598839183674,260.186050612245,1242.72635685131,8.77452476851312,94.4360094927114,612.481526180758,20.2651100991254,0,0,0,99.2952116151604,14.6633602833819,0,0.682756876501458,96.4856730962099,2.74626807463557,0.15517171451895,0.0232758404664723,0.00775860238367347,0.682756876501458,0
"236",5908397,254,"PR10",38.19402854,-78.77981569,15.435,8.015,4.19370733437305,499.871260137243,15.435,5.56713842565598,17.4239251778426,9.76598839183674,260.186050612245,1242.72635685131,8.77452476851312,94.4360094927114,612.481526180758,20.2651100991254,0,0,0,99.2952116151604,14.6633602833819,0,0.682756876501458,96.4856730962099,2.74626807463557,0.15517171451895,0.0232758404664723,0.00775860238367347,0.682756876501458,0
"237",5908397,242,"NPR1",38.19440615,-78.78143767,15.435,8.015,4.19370733437305,499.871260137243,15.435,5.56713842565598,17.4239251778426,9.76598839183674,260.186050612245,1242.72635685131,8.77452476851312,94.4360094927114,612.481526180758,20.2651100991254,0,0,0,99.2952116151604,14.6633602833819,0,0.682756876501458,96.4856730962099,2.74626807463557,0.15517171451895,0.0232758404664723,0.00775860238367347,0.682756876501458,0
"238",5908397,233,"3FPR2",38.20146625,-78.80332947,15.435,8.015,4.19370733437305,499.871260137243,15.435,5.56713842565598,17.4239251778426,9.76598839183674,260.186050612245,1242.72635685131,8.77452476851312,94.4360094927114,612.481526180758,20.2651100991254,0,0,0,99.2952116151604,14.6633602833819,0,0.682756876501458,96.4856730962099,2.74626807463557,0.15517171451895,0.0232758404664723,0.00775860238367347,0.682756876501458,0
"239",5908397,244,"PAIN",38.1986,-78.7934,15.435,8.015,4.19370733437305,499.871260137243,15.435,5.56713842565598,17.4239251778426,9.76598839183674,260.186050612245,1242.72635685131,8.77452476851312,94.4360094927114,612.481526180758,20.2651100991254,0,0,0,99.2952116151604,14.6633602833819,0,0.682756876501458,96.4856730962099,2.74626807463557,0.15517171451895,0.0232758404664723,0.00775860238367347,0.682756876501458,0
"240",5908397,263,"PR29",38.20708569,-78.75707057,15.435,8.015,4.19370733437305,499.871260137243,15.435,5.56713842565598,17.4239251778426,9.76598839183674,260.186050612245,1242.72635685131,8.77452476851312,94.4360094927114,612.481526180758,20.2651100991254,0,0,0,99.2952116151604,14.6633602833819,0,0.682756876501458,96.4856730962099,2.74626807463557,0.15517171451895,0.0232758404664723,0.00775860238367347,0.682756876501458,0
"241",5908397,200,"3F124",38.19476399,-78.78407521,15.435,8.015,4.19370733437305,499.871260137243,15.435,5.56713842565598,17.4239251778426,9.76598839183674,260.186050612245,1242.72635685131,8.77452476851312,94.4360094927114,612.481526180758,20.2651100991254,0,0,0,99.2952116151604,14.6633602833819,0,0.682756876501458,96.4856730962099,2.74626807463557,0.15517171451895,0.0232758404664723,0.00775860238367347,0.682756876501458,0
"242",5908397,255,"PR13",38.19439054,-78.7770416,15.435,8.015,4.19370733437305,499.871260137243,15.435,5.56713842565598,17.4239251778426,9.76598839183674,260.186050612245,1242.72635685131,8.77452476851312,94.4360094927114,612.481526180758,20.2651100991254,0,0,0,99.2952116151604,14.6633602833819,0,0.682756876501458,96.4856730962099,2.74626807463557,0.15517171451895,0.0232758404664723,0.00775860238367347,0.682756876501458,0
"243",5908397,262,"PR28",38.20172039,-78.76159727,15.435,8.015,4.19370733437305,499.871260137243,15.435,5.56713842565598,17.4239251778426,9.76598839183674,260.186050612245,1242.72635685131,8.77452476851312,94.4360094927114,612.481526180758,20.2651100991254,0,0,0,99.2952116151604,14.6633602833819,0,0.682756876501458,96.4856730962099,2.74626807463557,0.15517171451895,0.0232758404664723,0.00775860238367347,0.682756876501458,0
"244",5908397,199,"3F123",38.19872367,-78.79337203,15.435,8.015,4.19370733437305,499.871260137243,15.435,5.56713842565598,17.4239251778426,9.76598839183674,260.186050612245,1242.72635685131,8.77452476851312,94.4360094927114,612.481526180758,20.2651100991254,0,0,0,99.2952116151604,14.6633602833819,0,0.682756876501458,96.4856730962099,2.74626807463557,0.15517171451895,0.0232758404664723,0.00775860238367347,0.682756876501458,0
"245",5908397,201,"3F125",38.19557507,-78.77812176,15.435,8.015,4.19370733437305,499.871260137243,15.435,5.56713842565598,17.4239251778426,9.76598839183674,260.186050612245,1242.72635685131,8.77452476851312,94.4360094927114,612.481526180758,20.2651100991254,0,0,0,99.2952116151604,14.6633602833819,0,0.682756876501458,96.4856730962099,2.74626807463557,0.15517171451895,0.0232758404664723,0.00775860238367347,0.682756876501458,0
"246",5908397,257,"PR18",38.1987412,-78.77267303,15.435,8.015,4.19370733437305,499.871260137243,15.435,5.56713842565598,17.4239251778426,9.76598839183674,260.186050612245,1242.72635685131,8.77452476851312,94.4360094927114,612.481526180758,20.2651100991254,0,0,0,99.2952116151604,14.6633602833819,0,0.682756876501458,96.4856730962099,2.74626807463557,0.15517171451895,0.0232758404664723,0.00775860238367347,0.682756876501458,0
"247",5908261,202,"3F126",38.32459938,-78.68626187,10.1592,10.425,5.4640364222542,443.280877218225,10.1592,5.6578806387314,17.6936471474132,7.68186392195867,217.121418763288,1118.66851257973,6.82404080138695,95.1266358079376,553.930286144578,17.4050986002835,0,0,0,96.6107113306166,40.7886338058115,0,3.11042735648476,94.179820916017,2.70975461995039,0.848295477498228,0.0589094161941885,0.0117818832388377,3.11042735648476,0
"248",5908275,203,"3F127",38.31860185,-78.68119632,4.5981,4.278,5.86095863113604,498.350234922861,4.5981,5.566723752202,17.152111274222,7.6928277015686,229.459817968291,1196.65282442748,6.84392833709717,103.818998825602,617.551401644157,23.1355489724016,0,0,0,100,2.21212730475631,0,0,99.2712994715208,0.728700528479154,0,0,0,0,8.88178419700125e-16
"249",5908275,204,"3F128",38.31447233,-78.67196679,4.5981,4.278,5.86095863113604,498.350234922861,4.5981,5.566723752202,17.152111274222,7.6928277015686,229.459817968291,1196.65282442748,6.84392833709717,103.818998825602,617.551401644157,23.1355489724016,0,0,0,100,2.21212730475631,0,0,99.2712994715208,0.728700528479154,0,0,0,0,8.88178419700125e-16
"250",5908481,206,"3F144",38.09894711,-78.80475338,16.3188,6.859,3.181818,501.61,16.3188,5.7352,17.528,9.82505,283.246,1352.39,8.92847,109.549,592.751,15.4294,0,0,0,98.9516,44.9938,0,0.984353,92.9112,6.10446,0.470139,0,0.0146918,0.984353,0
"251",5908481,205,"3F143",38.097019,-78.80766247,16.3188,6.859,3.181818,501.61,16.3188,5.7352,17.528,9.82505,283.246,1352.39,8.92847,109.549,592.751,15.4294,0,0,0,98.9516,44.9938,0,0.984353,92.9112,6.10446,0.470139,0,0.0146918,0.984353,0
"252",8566529,207,"3F200",38.20147741,-78.72883934,7.0704,3.401,6.275299,639.535,7.0704,5.06091,16.7527,10.9325,273.439,1391.97,9.88053,111.659,769.549,16.04,0,0,0,100,6.98579,0,0,97.4797,2.5203,0,0,0,0,0
"253",8566529,208,"3F201",38.21067479,-78.72152823,7.0704,3.401,6.275299,639.535,7.0704,5.06091,16.7527,10.9325,273.439,1391.97,9.88053,111.659,769.549,16.04,0,0,0,100,6.98579,0,0,97.4797,2.5203,0,0,0,0,0
"254",5908447,216,"3F259",38.14487489,-78.80015453,10.4292,6.927,4.62562270030316,479.739909773351,10.4292,5.61294753883328,17.811724818778,10.2289020902013,255.64216396272,1219.30860200207,9.27153996393406,96.2188999654815,554.25709527097,12.6328986537798,0.895382298929927,0,0.895382298929927,93.6887424922333,167.308386779427,0,4.62614777355885,82.8737947877114,11.6046816706938,3.38638562651018,0.516567119088712,0.746153094925785,4.62614777355885,0
"255",5908447,209,"3F202",38.13812474,-78.80707735,10.4292,6.927,4.62562270030316,479.739909773351,10.4292,5.61294753883328,17.811724818778,10.2289020902013,255.64216396272,1219.30860200207,9.27153996393406,96.2188999654815,554.25709527097,12.6328986537798,0.895382298929927,0,0.895382298929927,93.6887424922333,167.308386779427,0,4.62614777355885,82.8737947877114,11.6046816706938,3.38638562651018,0.516567119088712,0.746153094925785,4.62614777355885,0
"256",5908723,210,"3F203",38.31267985,-78.72609828,2809.2744,1471.54,2.33508334369436,486.879603191215,1405.5849,5.53029342779081,18.4955828702983,8.44157034837334,205.189014178866,1023.98331104311,7.41627765894903,82.6473996687073,439.389087075403,6.45373595821987,0.516321024784778,0.000935858743495324,0.515385166041283,42.4887304794075,454.83033062718,0.0418368111019548,46.2182236908528,36.4949287712204,16.6945402733286,8.98109577031121,0.339997049560976,0.585778376559525,46.1763864412352,1403.6895
"257",5908247,211,"3F204",38.35253847,-78.64254633,10.278,7.426,3.09205776191759,388.122293293832,10.278,6.15072200087566,18.0916169001751,8.11527252893785,220.937626532399,1119.85791593695,7.19392915348608,95.513292469352,476.377102889667,15.5672064798599,0.220722138791594,0,0.220722138791594,94.9309144483363,12.2907329246935,0.534380505691769,4.7861876882662,94.0753669001751,0.789956068301226,0.278807187828371,0.0116169349824869,0.220722138791594,4.25181092381786,0
"258",5908247,213,"3F207",38.33645871,-78.63125917,10.278,7.426,3.09205776191759,388.122293293832,10.278,6.15072200087566,18.0916169001751,8.11527252893785,220.937626532399,1119.85791593695,7.19392915348608,95.513292469352,476.377102889667,15.5672064798599,0.220722138791594,0,0.220722138791594,94.9309144483363,12.2907329246935,0.534380505691769,4.7861876882662,94.0753669001751,0.789956068301226,0.278807187828371,0.0116169349824869,0.220722138791594,4.25181092381786,0
"259",5908211,212,"3F206",38.36576586,-78.57964779,7.9956,6.643,5.82146978925184,441.729346680717,7.9956,5.54515772737506,18.1435218482665,9.15549848500406,226.970982778028,1141.88056168393,8.09405988350608,96.45270047276,473.050361999099,11.9870474786132,0,0,0,89.5550775551553,200.618787100405,0,9.0021207901846,80.830983903647,10.1668297095903,5.40437571229176,0,0.0447868402296263,9.0021207901846,0
"260",5908271,218,"3F261",38.33409837,-78.60013868,23.1552,8.984,3.54977160240427,458.922825022262,23.1552,5.89522682835821,17.4085069651741,9.39076562189055,249.005856965174,1285.69174129353,8.33316440298507,106.90510199005,586.458834577114,16.6103330845771,0,0,0,95.4723395522388,14.6026691169154,0,4.41691254975124,92.770943159204,2.81217834577114,0.118679077114428,0.00515994635572139,0.0309596621890547,4.41691254975124,0
"261",5908271,220,"3F263",38.31711502,-78.63183127,23.1552,8.984,3.54977160240427,458.922825022262,23.1552,5.89522682835821,17.4085069651741,9.39076562189055,249.005856965174,1285.69174129353,8.33316440298507,106.90510199005,586.458834577114,16.6103330845771,0,0,0,95.4723395522388,14.6026691169154,0,4.41691254975124,92.770943159204,2.81217834577114,0.118679077114428,0.00515994635572139,0.0309596621890547,4.41691254975124,0
"262",5908217,219,"3F262",38.37092236,-78.60221867,39.3561,18.55,3.44653723590296,418.227669002695,39.3561,5.76955598893183,17.5273663564225,9.19071335754926,245.163188113151,1255.86799126438,8.14878963192704,104.775403965332,564.532009741819,16.5056553019735,0.0121237829358092,0,0.0121237829358092,95.6026291065426,15.5629490004345,0,4.26087998970935,92.7912290265042,2.93578781540854,0.160848602048984,0.0242524363200622,0.021246101982666,4.26087998970935,0
"263",5908333,221,"3F264",38.29128954,-78.74834688,6.813,4.215,4.045007,440.865,6.813,5.876,17.613,8.29488,211.256,1111.76,7.41609,88.203,557.991,18.7134,0,0,0,100,0,0,0,100,0,0,0,0,0,0
"264",5908591,222,"3F265",38.27527109,-78.76124656,5.3991,6.947,4.033539,452.02,5.3991,5.82875,17.9163,7.43787384033203,212.131,1096.98,6.61570119857788,87.1525,526.679,15.3124,0.0221631,0,0.0221631,94.7976,26.0417,0,5.07535,92.8856,2.01684,0.421099,0.376773,0.0221631,5.07535,0
"265",5908599,223,"3F266",38.24713849,-78.78804649,12.4794,8.882,2.728615,438.235,12.4794,5.6455,18.2525,7.88509845733643,221.926,1095.91,7.01318216323853,86.266,454.102,7.54903,0,0,0,78.753,408.959,0,17.6967,65.5936,16.7098,10.0125,1.95458,0.105394,17.6967,0
"266",8566457,224,"3F267",38.24101928,-78.65420036,6.939,4.514,13.8937676785556,434.298444838281,6.939,5.69548686770428,17.3120571595331,10.0496377944946,265.767016731518,1397.2123618677,9.06196594238281,119.838594552529,657.020535797665,18.3000232684825,0,0,0,95.9608194163424,22.7170158754864,0,3.95449161478599,93.0320008949416,3.01348454474708,0.0171934479377432,0,0,3.95449161478599,0
"267",8566457,225,"3F268",38.24225989,-78.65086243,6.939,4.514,13.8937676785556,434.298444838281,6.939,5.69548686770428,17.3120571595331,10.0496377944946,265.767016731518,1397.2123618677,9.06196594238281,119.838594552529,657.020535797665,18.3000232684825,0,0,0,95.9608194163424,22.7170158754864,0,3.95449161478599,93.0320008949416,3.01348454474708,0.0171934479377432,0,0,3.95449161478599,0
"268",8566457,268,"Rockybar",38.23871857,-78.63976122,6.939,4.514,13.8937676785556,434.298444838281,6.939,5.69548686770428,17.3120571595331,10.0496377944946,265.767016731518,1397.2123618677,9.06196594238281,119.838594552529,657.020535797665,18.3000232684825,0,0,0,95.9608194163424,22.7170158754864,0,3.95449161478599,93.0320008949416,3.01348454474708,0.0171934479377432,0,0,3.95449161478599,0
"269",5908373,226,"3F270",38.2268308,-78.79027509,6.4719,7.775,4.19191380115756,465.094737620579,6.4719,5.20712140175219,17.5856215269086,10.653296321824,240.576560283688,1159.46307884856,9.56261854814271,88.6677554443054,568.82427993325,14.7801575469337,0.018518923487693,0,0.018518923487693,87.2659320817689,130.687722987067,0,11.5373009595327,82.5734602002503,5.57418940342094,3.14821518564873,0.240745583646224,0,11.5373009595327,0
"270",5908607,264,"PR31",38.20847194,-78.75699375,2.5794,1.965,9.599779,621.26,2.5794,5.204,16.974,9.16058,269.596,1325.99,8.22447,102.372,751.023,25.6249,0,0,0,100,1.76171,0,0,98.6092,1.15902,0,0,0,0,0
"271",5908607,228,"3F300",38.20914229,-78.75341012,2.5794,1.965,9.599779,621.26,2.5794,5.204,16.974,9.16058,269.596,1325.99,8.22447,102.372,751.023,25.6249,0,0,0,100,1.76171,0,0,98.6092,1.15902,0,0,0,0,0
"272",5908287,229,"3F302",38.31118521,-78.64962791,2.0466,1.644,7.97925,531.325,2.0466,5.75333,17.2,10.6551,241.853,1269.81,9.49389,111.257,636.957,24.7814,0,0,0,100,4.67563,0,0,99.5324,0.467563,0,0,0,0,0
"273",5908351,230,"3F311",38.25963175,-78.66592003,3.6648,1.815,14.439639,663.98,3.6648,4.505,16.1017,10.0496,282.722,1516.67,9.06197,131.618,792.745,19.0459,0,0,0,100,16.7809,0,0,93.7643,6.10513,0,0,0,0,0
"274",5908309,231,"3F312",38.3075065,-78.66032504,2.2545,1.635,8.570754,571.805,2.2545,5.10333,16.7333,7.6928277015686,243.41,1289.88,6.84392833709717,112.407,680.263,23.6301,0,0,0,100,4.51168,0,0,98.5138,1.4862,0,0,0,0,0
"275",5908395,232,"3FPR1",38.20871469,-78.83268002,17.4474,10.054,3.69052751452158,473.270012930177,17.4474,5.58148036005365,17.5793550397194,9.57974376990799,255.343354895285,1221.66549159187,8.60223285782259,93.4405469307748,586.309154492933,18.2586738429795,0,0,0,98.4425092644176,71.4410277034974,0,1.31050971484576,93.2423884813783,5.37163971525843,1.26593607675642,0.0274915012895904,0.0274402837552873,1.31050971484576,3.5527136788005e-15
"276",8468211,237,"GML01",38.48718322,-78.32705028,40.419,13.053,4.65736080793687,408.405108787252,40.419,4.49398406078824,16.3857647940325,9.3867440995324,251.918726898241,1275.70809841906,8.27463492117569,108.915668047206,684.689019349811,16.8509126319305,0,0,0,96.9602434958806,27.9600459207304,0,2.87393875226676,92.7308436027611,4.22710952237809,0.41306624994656,0.424703602983745,0.0206546904475618,2.87393875226676,0
"277",8465809,266,"RAPF4",38.64687885,-78.20695002,102.5595,37.818,2.74058363570258,335.629475646518,102.5595,5.0778689371243,17.5451305129218,8.70967147558446,251.996419016278,1279.80985239788,7.61329678585399,112.273420985477,468.348913334211,14.3318812263613,0.042956053459699,0.00696022160150937,0.0359958318581896,87.1479949497609,36.8920115234961,0,11.957481737177,82.9521135404326,5.04747933271906,0.507008248364705,0.0150816355907156,0.0800857124593041,11.957481737177,0
"278",8465809,267,"RappF",38.64691987,-78.20630353,102.5595,37.818,2.74058363570258,335.629475646518,102.5595,5.0778689371243,17.5451305129218,8.70967147558446,251.996419016278,1279.80985239788,7.61329678585399,112.273420985477,468.348913334211,14.3318812263613,0.042956053459699,0.00696022160150937,0.0359958318581896,87.1479949497609,36.8920115234961,0,11.957481737177,82.9521135404326,5.04747933271906,0.507008248364705,0.0150816355907156,0.0800857124593041,11.957481737177,0
"279",8468293,270,"SR04",38.445447,-78.37649057,1.9584,2.003,18.72531,514.81,1.9584,4.89667,17.32,8.9957447052002,243.22,1284.72,7.93049764633179,104.713,650.322,20.8775,0,0,0,100,0,0,0,100,0,0,0,0,0,0
"280",0,54,"2F013",NA,NA,NA,NA,NA,NA,NA,NA,NA,NA,NA,NA,NA,NA,NA,NA,NA,NA,NA,NA,NA,NA,NA,NA,NA,NA,NA,NA,NA,NA
"281",0,55,"2F014",NA,NA,NA,NA,NA,NA,NA,NA,NA,NA,NA,NA,NA,NA,NA,NA,NA,NA,NA,NA,NA,NA,NA,NA,NA,NA,NA,NA,NA,NA
"282",0,123,"2F142",NA,NA,NA,NA,NA,NA,NA,NA,NA,NA,NA,NA,NA,NA,NA,NA,NA,NA,NA,NA,NA,NA,NA,NA,NA,NA,NA,NA,NA,NA
"283",0,274,"VT35",NA,NA,NA,NA,NA,NA,NA,NA,NA,NA,NA,NA,NA,NA,NA,NA,NA,NA,NA,NA,NA,NA,NA,NA,NA,NA,NA,NA,NA,NA
"284",0,53,"2F012",NA,NA,NA,NA,NA,NA,NA,NA,NA,NA,NA,NA,NA,NA,NA,NA,NA,NA,NA,NA,NA,NA,NA,NA,NA,NA,NA,NA,NA,NA
