"","FEATUREID","ArcSite","SiteID","Latitude","Longitude","TotDASqKM","LengthKM","ReachSlope","ReachElev","AreaSqKM","tminann_brkt","tmaxann_brkt","so4dep_brkt","prcpwin_brkt","prcpann_brkt","no3dep_brkt","prcpnov_brkt","elev_nalcc","slope_deg","wtlnd_or_wtr","wetland","water","undev_forest","impervious","herbacious","herb_or_ag","forest","developed","develnotopen","conus_wetland","conus_opnwtr","agriculture"
"1",5907049,1,"1F001",38.82428791,-78.20328716,70.6815,8.145,1.383179,206.08,26.5311,5.69805,17.8046,8.51205,215.22,1103.39,7.37921,98.14,371.885,11.6752,0.192239,0.0447067,0.147532,79.1871,38.0052,0.26377,19.5637,74.9955,5.29328,0.232475,0.0670601,0.0983548,19.2999
"2",5907049,20,"1F133",38.82608733,-78.19548936,70.6815,8.145,1.383179,206.08,26.5311,5.69805,17.8046,8.51205,215.22,1103.39,7.37921,98.14,371.885,11.6752,0.192239,0.0447067,0.147532,79.1871,38.0052,0.26377,19.5637,74.9955,5.29328,0.232475,0.0670601,0.0983548,19.2999
"3",5907049,2,"1F002",38.82803482,-78.18881118,70.6815,8.145,1.383179,206.08,26.5311,5.69805,17.8046,8.51205,215.22,1103.39,7.37921,98.14,371.885,11.6752,0.192239,0.0447067,0.147532,79.1871,38.0052,0.26377,19.5637,74.9955,5.29328,0.232475,0.0670601,0.0983548,19.2999
"4",8466037,4,"1F003_1",38.70154477,-78.26336244,19.3221,11.272,4.73766,491.635,19.3221,4.90655,16.9383,8.87357,259.16,1317.56,7.74081,116.439,581.927,14.9074,0.0184422,0,0.0184422,98.6493,4.71507,0,1.30325,96.5329,2.10856,0,0,0.0307371,1.30325
"5",8466037,5,"1F003_2",38.70117711,-78.26611893,19.3221,11.272,4.73766,491.635,19.3221,4.90655,16.9383,8.87357,259.16,1317.56,7.74081,116.439,581.927,14.9074,0.0184422,0,0.0184422,98.6493,4.71507,0,1.30325,96.5329,2.10856,0,0,0.0307371,1.30325
"6",8466037,6,"1F004",38.70437616,-78.26963075,19.3221,11.272,4.73766,491.635,19.3221,4.90655,16.9383,8.87357,259.16,1317.56,7.74081,116.439,581.927,14.9074,0.0184422,0,0.0184422,98.6493,4.71507,0,1.30325,96.5329,2.10856,0,0,0.0307371,1.30325
"7",8466037,7,"1F005",38.71050226,-78.27579456,19.3221,11.272,4.73766,491.635,19.3221,4.90655,16.9383,8.87357,259.16,1317.56,7.74081,116.439,581.927,14.9074,0.0184422,0,0.0184422,98.6493,4.71507,0,1.30325,96.5329,2.10856,0,0,0.0307371,1.30325
"8",8466037,249,"PI27",38.74482016,-78.28252724,19.3221,11.272,4.73766,491.635,19.3221,4.90655,16.9383,8.87357,259.16,1317.56,7.74081,116.439,581.927,14.9074,0.0184422,0,0.0184422,98.6493,4.71507,0,1.30325,96.5329,2.10856,0,0,0.0307371,1.30325
"9",8466037,250,"PI29",38.73999139,-78.28874963,19.3221,11.272,4.73766,491.635,19.3221,4.90655,16.9383,8.87357,259.16,1317.56,7.74081,116.439,581.927,14.9074,0.0184422,0,0.0184422,98.6493,4.71507,0,1.30325,96.5329,2.10856,0,0,0.0307371,1.30325
"10",8466037,23,"1F145",38.71183103,-78.27754259,19.3221,11.272,4.73766,491.635,19.3221,4.90655,16.9383,8.87357,259.16,1317.56,7.74081,116.439,581.927,14.9074,0.0184422,0,0.0184422,98.6493,4.71507,0,1.30325,96.5329,2.10856,0,0,0.0307371,1.30325
"11",8466037,241,"NPI02",38.73909162,-78.28860753,19.3221,11.272,4.73766,491.635,19.3221,4.90655,16.9383,8.87357,259.16,1317.56,7.74081,116.439,581.927,14.9074,0.0184422,0,0.0184422,98.6493,4.71507,0,1.30325,96.5329,2.10856,0,0,0.0307371,1.30325
"12",8466037,3,"1F003",38.70301594,-78.26865877,19.3221,11.272,4.73766,491.635,19.3221,4.90655,16.9383,8.87357,259.16,1317.56,7.74081,116.439,581.927,14.9074,0.0184422,0,0.0184422,98.6493,4.71507,0,1.30325,96.5329,2.10856,0,0,0.0307371,1.30325
"13",8466037,43,"1F308",38.74517025,-78.28169717,19.3221,11.272,4.73766,491.635,19.3221,4.90655,16.9383,8.87357,259.16,1317.56,7.74081,116.439,581.927,14.9074,0.0184422,0,0.0184422,98.6493,4.71507,0,1.30325,96.5329,2.10856,0,0,0.0307371,1.30325
"14",8466037,280,"VT60",38.70206,-78.26335,19.3221,11.272,4.73766,491.635,19.3221,4.90655,16.9383,8.87357,259.16,1317.56,7.74081,116.439,581.927,14.9074,0.0184422,0,0.0184422,98.6493,4.71507,0,1.30325,96.5329,2.10856,0,0,0.0307371,1.30325
"15",8466037,248,"PI26",38.74648468,-78.28126765,19.3221,11.272,4.73766,491.635,19.3221,4.90655,16.9383,8.87357,259.16,1317.56,7.74081,116.439,581.927,14.9074,0.0184422,0,0.0184422,98.6493,4.71507,0,1.30325,96.5329,2.10856,0,0,0.0307371,1.30325
"16",8466037,22,"1F138",38.72801872,-78.29158443,19.3221,11.272,4.73766,491.635,19.3221,4.90655,16.9383,8.87357,259.16,1317.56,7.74081,116.439,581.927,14.9074,0.0184422,0,0.0184422,98.6493,4.71507,0,1.30325,96.5329,2.10856,0,0,0.0307371,1.30325
"17",8466037,247,"PI25",38.7453779,-78.28094152,19.3221,11.272,4.73766,491.635,19.3221,4.90655,16.9383,8.87357,259.16,1317.56,7.74081,116.439,581.927,14.9074,0.0184422,0,0.0184422,98.6493,4.71507,0,1.30325,96.5329,2.10856,0,0,0.0307371,1.30325
"18",8466037,246,"PI02",38.70493474,-78.27057482,19.3221,11.272,4.73766,491.635,19.3221,4.90655,16.9383,8.87357,259.16,1317.56,7.74081,116.439,581.927,14.9074,0.0184422,0,0.0184422,98.6493,4.71507,0,1.30325,96.5329,2.10856,0,0,0.0307371,1.30325
"19",8466037,21,"1F137",38.71920156,-78.28065937,19.3221,11.272,4.73766,491.635,19.3221,4.90655,16.9383,8.87357,259.16,1317.56,7.74081,116.439,581.927,14.9074,0.0184422,0,0.0184422,98.6493,4.71507,0,1.30325,96.5329,2.10856,0,0,0.0307371,1.30325
"20",5907057,16,"1F116",38.71481643,-78.34306113,47.997,17.606,2.991464,450.99,47.997,4.83789,17.3517,8.1299,218.376,1115.84,7.08724,97.2486,477.741,14.9323,0.0123894,0,0.0123894,85.6848,21.2057,0,13.9232,83.413,2.65134,0.225488,0.0346904,0.0396462,13.9232
"21",5907057,276,"VT51",38.71577,-78.38157,47.997,17.606,2.991464,450.99,47.997,4.83789,17.3517,8.1299,218.376,1115.84,7.08724,97.2486,477.741,14.9323,0.0123894,0,0.0123894,85.6848,21.2057,0,13.9232,83.413,2.65134,0.225488,0.0346904,0.0396462,13.9232
"22",5907057,10,"1F008",38.711589,-78.35927528,47.997,17.606,2.991464,450.99,47.997,4.83789,17.3517,8.1299,218.376,1115.84,7.08724,97.2486,477.741,14.9323,0.0123894,0,0.0123894,85.6848,21.2057,0,13.9232,83.413,2.65134,0.225488,0.0346904,0.0396462,13.9232
"23",5907057,47,"1FVA1",38.72382707,-78.33717005,47.997,17.606,2.991464,450.99,47.997,4.83789,17.3517,8.1299,218.376,1115.84,7.08724,97.2486,477.741,14.9323,0.0123894,0,0.0123894,85.6848,21.2057,0,13.9232,83.413,2.65134,0.225488,0.0346904,0.0396462,13.9232
"24",5907057,9,"1F007",38.71212916,-78.37064837,47.997,17.606,2.991464,450.99,47.997,4.83789,17.3517,8.1299,218.376,1115.84,7.08724,97.2486,477.741,14.9323,0.0123894,0,0.0123894,85.6848,21.2057,0,13.9232,83.413,2.65134,0.225488,0.0346904,0.0396462,13.9232
"25",5907057,17,"1F117",38.72709177,-78.33632419,47.997,17.606,2.991464,450.99,47.997,4.83789,17.3517,8.1299,218.376,1115.84,7.08724,97.2486,477.741,14.9323,0.0123894,0,0.0123894,85.6848,21.2057,0,13.9232,83.413,2.65134,0.225488,0.0346904,0.0396462,13.9232
"26",5907057,18,"1F118",38.74835781,-78.32445066,47.997,17.606,2.991464,450.99,47.997,4.83789,17.3517,8.1299,218.376,1115.84,7.08724,97.2486,477.741,14.9323,0.0123894,0,0.0123894,85.6848,21.2057,0,13.9232,83.413,2.65134,0.225488,0.0346904,0.0396462,13.9232
"27",5907057,8,"1F006",38.71563275,-78.38143481,47.997,17.606,2.991464,450.99,47.997,4.83789,17.3517,8.1299,218.376,1115.84,7.08724,97.2486,477.741,14.9323,0.0123894,0,0.0123894,85.6848,21.2057,0,13.9232,83.413,2.65134,0.225488,0.0346904,0.0396462,13.9232
"28",8466039,12,"1F031",38.6968622,-78.28296971,29.3409,9.37,2.942854,363.845,29.3409,4.64149,17.0523,8.88303,257.614,1300.98,7.75689,115.31,543.716,16.0413,0,0,0,98.098,5.22113,0,1.86063,95.9625,2.17682,0,0.00810734,0.012161,1.86063
"29",8466039,281,"VT61",38.69297,-78.27406,29.3409,9.37,2.942854,363.845,29.3409,4.64149,17.0523,8.88303,257.614,1300.98,7.75689,115.31,543.716,16.0413,0,0,0,98.098,5.22113,0,1.86063,95.9625,2.17682,0,0.00810734,0.012161,1.86063
"30",8466039,26,"1F218",38.68544202,-78.27610889,29.3409,9.37,2.942854,363.845,29.3409,4.64149,17.0523,8.88303,257.614,1300.98,7.75689,115.31,543.716,16.0413,0,0,0,98.098,5.22113,0,1.86063,95.9625,2.17682,0,0.00810734,0.012161,1.86063
"31",8466039,11,"1F030",38.69506642,-78.27935884,29.3409,9.37,2.942854,363.845,29.3409,4.64149,17.0523,8.88303,257.614,1300.98,7.75689,115.31,543.716,16.0413,0,0,0,98.098,5.22113,0,1.86063,95.9625,2.17682,0,0.00810734,0.012161,1.86063
"32",8466039,49,"1FVA3",38.70845025,-78.30035371,29.3409,9.37,2.942854,363.845,29.3409,4.64149,17.0523,8.88303,257.614,1300.98,7.75689,115.31,543.716,16.0413,0,0,0,98.098,5.22113,0,1.86063,95.9625,2.17682,0,0.00810734,0.012161,1.86063
"33",8466039,48,"1FVA2",38.70329391,-78.29127045,29.3409,9.37,2.942854,363.845,29.3409,4.64149,17.0523,8.88303,257.614,1300.98,7.75689,115.31,543.716,16.0413,0,0,0,98.098,5.22113,0,1.86063,95.9625,2.17682,0,0.00810734,0.012161,1.86063
"34",8465763,13,"1F056",38.80624886,-78.1543396,21.3687,4.912,1.584838,209.295,21.3687,5.74906,17.3522,8.80574,217.565,1211.33,7.65674,99.3619,450.719,11.4256,0.199811,0.0499528,0.149858,86.0946,17.5612,0.316368,12.9822,81.3065,5.56141,0.0555031,0.0610535,0.0943553,12.6658
"35",8465763,14,"1F057",38.80684681,-78.15725044,21.3687,4.912,1.584838,209.295,21.3687,5.74906,17.3522,8.80574,217.565,1211.33,7.65674,99.3619,450.719,11.4256,0.199811,0.0499528,0.149858,86.0946,17.5612,0.316368,12.9822,81.3065,5.56141,0.0555031,0.0610535,0.0943553,12.6658
"36",8465763,15,"1F058",38.80695791,-78.16144578,21.3687,4.912,1.584838,209.295,21.3687,5.74906,17.3522,8.80574,217.565,1211.33,7.65674,99.3619,450.719,11.4256,0.199811,0.0499528,0.149858,86.0946,17.5612,0.316368,12.9822,81.3065,5.56141,0.0555031,0.0610535,0.0943553,12.6658
"37",8465763,40,"1F235",38.7932857,-78.15834543,21.3687,4.912,1.584838,209.295,21.3687,5.74906,17.3522,8.80574,217.565,1211.33,7.65674,99.3619,450.719,11.4256,0.199811,0.0499528,0.149858,86.0946,17.5612,0.316368,12.9822,81.3065,5.56141,0.0555031,0.0610535,0.0943553,12.6658
"38",5906817,19,"1F132",38.78955881,-78.31918196,13.7475,6.305,7.690932,411.8,13.7475,5.0335,17.4335,8.20137,219.704,1111.42,7.12787,95.31,442.12,14.3148,0.0259023,0,0.0259023,98.3982,7.82248,0,1.5455,96.5291,1.8995,0.0777068,0,0.0172682,1.5455
"39",5906817,46,"1F317",38.7973543,-78.33642649,13.7475,6.305,7.690932,411.8,13.7475,5.0335,17.4335,8.20137,219.704,1111.42,7.12787,95.31,442.12,14.3148,0.0259023,0,0.0259023,98.3982,7.82248,0,1.5455,96.5291,1.8995,0.0777068,0,0.0172682,1.5455
"40",5907079,24,"1F210",38.90228189,-78.19445424,4238.2035,6.48,0.04645,142.685,20.9673,5.80438,18.3275,8.53247,203.53,1031.08,7.3804,90.9525,236.713,8.66683,3.78009,0.0960561,3.68403,78.7734,621.607,0.220364,11.3346,55.7351,29.2462,11.6115,0.141259,2.36185,11.1143
"41",5906835,42,"1F237",38.66212959,-78.35557463,21.4074,6.707,6.087235,496.48,21.4074,4.61419,17.1187,8.7082,226.585,1154.29,7.62116,101.69,556.225,14.8043,0.0222111,0,0.0222111,93.8522,50.6136,0,5.78044,88.5835,5.61386,0.694097,0.0277639,0.0610806,5.78044
"42",5906835,25,"1F211",38.67043305,-78.37070284,21.4074,6.707,6.087235,496.48,21.4074,4.61419,17.1187,8.7082,226.585,1154.29,7.62116,101.69,556.225,14.8043,0.0222111,0,0.0222111,93.8522,50.6136,0,5.78044,88.5835,5.61386,0.694097,0.0277639,0.0610806,5.78044
"43",8466033,28,"1F223",38.75070009,-78.21512228,60.2388,16.211,1.320465,233.42,60.2388,5.80411,17.9831,8.4977,218.523,1189.25,7.40433,98.8197,366.722,11.1392,0.392675,0.00789297,0.384782,71.639,46.5804,0.00789297,26.7848,68.6294,4.20103,0.826789,0.0256522,0.345317,26.7769
"44",8466033,27,"1F219",38.74946373,-78.23038562,60.2388,16.211,1.320465,233.42,60.2388,5.80411,17.9831,8.4977,218.523,1189.25,7.40433,98.8197,366.722,11.1392,0.392675,0.00789297,0.384782,71.639,46.5804,0.00789297,26.7848,68.6294,4.20103,0.826789,0.0256522,0.345317,26.7769
"45",5906813,29,"1F224",38.80561417,-78.28409536,13.9644,7.132,4.093526,317.105,13.9644,5.57238,17.8595,7.88538,208.287,1055.94,6.84563,91.3233,344.698,12.1677,0.0849834,0,0.0849834,79.4623,11.8552,0,19.8436,77.1055,2.96592,0.118977,0,0.118977,19.8436
"46",5907053,30,"1F225",38.77755073,-78.25520934,23.7105,5.989,2.685508,348.01,23.7105,5.22667,16.3931,9.20615,239.087,1277.8,8.00491,108.962,526.875,14.1346,0.175245,0.175245,0,89.7638,19.973,0,9.87382,86.5862,3.53996,0.290407,0.15021,0.0801122,9.87382
"47",5907051,32,"1F227",38.77445389,-78.26701735,11.6928,5.652,1.87984,314.115,11.6928,5.18412,16.7588,7.9089,230.99,1165.67,6.86914,100.318,477.086,14.2714,0.823506,0.772672,0.0508337,82.8488,9.4144,0,16.7446,81.1305,2.07401,0,0.772672,0.0813339,16.7446
"48",5907051,31,"1F226",38.78309269,-78.27228765,11.6928,5.652,1.87984,314.115,11.6928,5.18412,16.7588,7.9089,230.99,1165.67,6.86914,100.318,477.086,14.2714,0.823506,0.772672,0.0508337,82.8488,9.4144,0,16.7446,81.1305,2.07401,0,0.772672,0.0813339,16.7446
"49",5907047,238,"HAPPY",38.89681231,-78.18133898,57.2427,7.494,1.275553,187.865,23.751,5.73121,18.5342,8.7803,202.629,1029.46,7.60417,90.8336,234.103,7.29712,0.0748316,0,0.0748316,77.8585,1311.24,0.189573,13.3051,47.0491,39.571,26.3757,0,0.194562,13.1155
"50",5907047,33,"1F228",38.89670904,-78.18127058,57.2427,7.494,1.275553,187.865,23.751,5.73121,18.5342,8.7803,202.629,1029.46,7.60417,90.8336,234.103,7.29712,0.0748316,0,0.0748316,77.8585,1311.24,0.189573,13.3051,47.0491,39.571,26.3757,0,0.194562,13.1155
"51",5906799,35,"1F230",38.84631429,-78.17819669,23.0175,6.05,3.044576,325.475,23.0175,5.81588,16.8785,8.76406,229.484,1178.13,7.59678,109.171,463.309,13.3462,0.0618397,0,0.0618397,91.6421,48.5081,0,7.81242,86.3386,5.78717,0.742077,0.0103066,0.0772997,7.81242
"52",5906799,34,"1F229",38.84657158,-78.19043203,23.0175,6.05,3.044576,325.475,23.0175,5.81588,16.8785,8.76406,229.484,1178.13,7.59678,109.171,463.309,13.3462,0.0618397,0,0.0618397,91.6421,48.5081,0,7.81242,86.3386,5.78717,0.742077,0.0103066,0.0772997,7.81242
"53",5907055,36,"1F231",38.77821056,-78.34687995,20.6577,4.354,4.514985,277.565,20.6577,4.87414,17.5662,7.7881,217.598,1104.46,6.77598,95.7793,435.003,15.5466,0.00575109,0,0.00575109,95.1188,13.9349,0,4.75615,92.7939,2.44421,0.10352,0.0230044,0.0115022,4.75615
"54",5907055,44,"1F310",38.77234936,-78.31891994,20.6577,4.354,4.514985,277.565,20.6577,4.87414,17.5662,7.7881,217.598,1104.46,6.77598,95.7793,435.003,15.5466,0.00575109,0,0.00575109,95.1188,13.9349,0,4.75615,92.7939,2.44421,0.10352,0.0230044,0.0115022,4.75615
"55",8465761,37,"1F232",38.82512017,-78.15713525,16.2765,9.473,5.45238,425.75,16.2765,5.8984,17.824,8.94298,216.152,1144.52,7.76888,94.59,380.872,9.96106,1.00759,0.408879,0.598715,76.6546,21.8531,0,21.9115,73.9121,3.57769,0.0584112,0.489194,0.511098,21.9115
"56",8465775,38,"1F233",38.77251814,-78.1624132,22.3416,7.829,2.864044,274.255,22.3416,5.83882,17.7632,8.42166,213.29,1165.68,7.32913,96.2794,346.132,9.7941,0.164806,0.0744285,0.0903775,63.7858,18.219,0,34.8166,61.4833,3.60978,0.015949,0.0850611,0.143541,34.8166
"57",8465799,39,"1F234",38.73484527,-78.25972671,47.5245,15.87,1.236689,224.59,47.5245,5.60403,17.9363,8.67308,232.068,1216.22,7.5643,103.871,370.188,11.7004,0.222745,0.0425468,0.180198,76.7863,32.9437,0.020022,22.0417,73.5059,4.2722,0.500551,0.0725798,0.257784,22.0217
"58",5906807,41,"1F236",38.80697419,-78.19521338,8.4384,3.843,4.068237,344.74,8.4384,5.47385,16.2915,8.30690670013428,239.274,1305.31,7.2117714881897,111.462,515.602,13.8834,0.0844001,0,0.0844001,89.0951,9.34027,0,10.5781,87.1149,2.22253,0,0,0.182867,10.5781
"59",8466057,45,"1F316",38.66942898,-78.29156274,28.0368,7.009,2.099722,266.43,28.0368,4.89195,17.3251,8.75533,267.736,1347.33,7.66442,118.705,509.932,16.4294,0,0,0,95.3181,79.8337,0,4.28014,87.1384,8.58149,1.3447,0,0.0339357,4.28014
"60",8466057,64,"2F036",38.65697092,-78.28212508,28.0368,7.009,2.099722,266.43,28.0368,4.89195,17.3251,8.75533,267.736,1347.33,7.66442,118.705,509.932,16.4294,0,0,0,95.3181,79.8337,0,4.28014,87.1384,8.58149,1.3447,0,0.0339357,4.28014
"61",8466057,65,"2F037",38.65982732,-78.28524381,28.0368,7.009,2.099722,266.43,28.0368,4.89195,17.3251,8.75533,267.736,1347.33,7.66442,118.705,509.932,16.4294,0,0,0,95.3181,79.8337,0,4.28014,87.1384,8.58149,1.3447,0,0.0339357,4.28014
"62",8466057,152,"2F314",38.66047555,-78.29619637,28.0368,7.009,2.099722,266.43,28.0368,4.89195,17.3251,8.75533,267.736,1347.33,7.66442,118.705,509.932,16.4294,0,0,0,95.3181,79.8337,0,4.28014,87.1384,8.58149,1.3447,0,0.0339357,4.28014
"63",8466057,63,"2F035",38.65381171,-78.27335862,28.0368,7.009,2.099722,266.43,28.0368,4.89195,17.3251,8.75533,267.736,1347.33,7.66442,118.705,509.932,16.4294,0,0,0,95.3181,79.8337,0,4.28014,87.1384,8.58149,1.3447,0,0.0339357,4.28014
"64",8466053,84,"2F066",38.55157518,-78.33771964,38.6019,10.886,6.631706,575.57,38.6019,4.59345,16.4891,9.38709,246.534,1301.83,8.26598,107.273,675.771,16.4836,0.0123472,0,0.0123472,98.3141,6.95456,0,1.61748,95.0457,3.32448,0,0.175948,0.0061736,1.61748
"65",8466053,146,"2F253",38.5771687,-78.37157269,38.6019,10.886,6.631706,575.57,38.6019,4.59345,16.4891,9.38709,246.534,1301.83,8.26598,107.273,675.771,16.4836,0.0123472,0,0.0123472,98.3141,6.95456,0,1.61748,95.0457,3.32448,0,0.175948,0.0061736,1.61748
"66",8466053,83,"2F065",38.5405705,-78.36542142,38.6019,10.886,6.631706,575.57,38.6019,4.59345,16.4891,9.38709,246.534,1301.83,8.26598,107.273,675.771,16.4836,0.0123472,0,0.0123472,98.3141,6.95456,0,1.61748,95.0457,3.32448,0,0.175948,0.0061736,1.61748
"67",8466053,51,"2F010",38.54566638,-78.3516876,38.6019,10.886,6.631706,575.57,38.6019,4.59345,16.4891,9.38709,246.534,1301.83,8.26598,107.273,675.771,16.4836,0.0123472,0,0.0123472,98.3141,6.95456,0,1.61748,95.0457,3.32448,0,0.175948,0.0061736,1.61748
"68",8466053,149,"2F300",38.56381748,-78.36444123,38.6019,10.886,6.631706,575.57,38.6019,4.59345,16.4891,9.38709,246.534,1301.83,8.26598,107.273,675.771,16.4836,0.0123472,0,0.0123472,98.3141,6.95456,0,1.61748,95.0457,3.32448,0,0.175948,0.0061736,1.61748
"69",8466053,81,"2F063",38.54894113,-78.34035239,38.6019,10.886,6.631706,575.57,38.6019,4.59345,16.4891,9.38709,246.534,1301.83,8.26598,107.273,675.771,16.4836,0.0123472,0,0.0123472,98.3141,6.95456,0,1.61748,95.0457,3.32448,0,0.175948,0.0061736,1.61748
"70",8466053,284,"VT75",38.54115,-78.35011,38.6019,10.886,6.631706,575.57,38.6019,4.59345,16.4891,9.38709,246.534,1301.83,8.26598,107.273,675.771,16.4836,0.0123472,0,0.0123472,98.3141,6.95456,0,1.61748,95.0457,3.32448,0,0.175948,0.0061736,1.61748
"71",8466053,50,"2F009",38.54068783,-78.34966912,38.6019,10.886,6.631706,575.57,38.6019,4.59345,16.4891,9.38709,246.534,1301.83,8.26598,107.273,675.771,16.4836,0.0123472,0,0.0123472,98.3141,6.95456,0,1.61748,95.0457,3.32448,0,0.175948,0.0061736,1.61748
"72",8466053,52,"2F011",38.54823349,-78.35344987,38.6019,10.886,6.631706,575.57,38.6019,4.59345,16.4891,9.38709,246.534,1301.83,8.26598,107.273,675.771,16.4836,0.0123472,0,0.0123472,98.3141,6.95456,0,1.61748,95.0457,3.32448,0,0.175948,0.0061736,1.61748
"73",8466053,80,"2F062",38.5367986,-78.35896813,38.6019,10.886,6.631706,575.57,38.6019,4.59345,16.4891,9.38709,246.534,1301.83,8.26598,107.273,675.771,16.4836,0.0123472,0,0.0123472,98.3141,6.95456,0,1.61748,95.0457,3.32448,0,0.175948,0.0061736,1.61748
"74",8466053,82,"2F064",38.54374503,-78.37136798,38.6019,10.886,6.631706,575.57,38.6019,4.59345,16.4891,9.38709,246.534,1301.83,8.26598,107.273,675.771,16.4836,0.0123472,0,0.0123472,98.3141,6.95456,0,1.61748,95.0457,3.32448,0,0.175948,0.0061736,1.61748
"75",8466053,129,"2F215",38.5087776,-78.32457397,38.6019,10.886,6.631706,575.57,38.6019,4.59345,16.4891,9.38709,246.534,1301.83,8.26598,107.273,675.771,16.4836,0.0123472,0,0.0123472,98.3141,6.95456,0,1.61748,95.0457,3.32448,0,0.175948,0.0061736,1.61748
"76",8465881,75,"2F054",38.52637321,-78.40971842,26.5797,8.188,6.486997,519.87,26.5797,4.17949,15.8103,9.77347,260.518,1303.99,8.61637,113.399,788.864,16.3555,0,0,0,99.9534,10.2565,0,0.0448471,96.1207,3.5788,0.0807247,0.574043,0,0.0448471
"77",8465881,57,"2F016",38.5113422,-78.38448462,26.5797,8.188,6.486997,519.87,26.5797,4.17949,15.8103,9.77347,260.518,1303.99,8.61637,113.399,788.864,16.3555,0,0,0,99.9534,10.2565,0,0.0448471,96.1207,3.5788,0.0807247,0.574043,0,0.0448471
"78",8465881,58,"2F017",38.52515455,-78.4059521,26.5797,8.188,6.486997,519.87,26.5797,4.17949,15.8103,9.77347,260.518,1303.99,8.61637,113.399,788.864,16.3555,0,0,0,99.9534,10.2565,0,0.0448471,96.1207,3.5788,0.0807247,0.574043,0,0.0448471
"79",8465881,56,"2F015",38.51541886,-78.3663898,26.5797,8.188,6.486997,519.87,26.5797,4.17949,15.8103,9.77347,260.518,1303.99,8.61637,113.399,788.864,16.3555,0,0,0,99.9534,10.2565,0,0.0448471,96.1207,3.5788,0.0807247,0.574043,0,0.0448471
"80",8465881,269,"ROSE",38.51530765,-78.36635219,26.5797,8.188,6.486997,519.87,26.5797,4.17949,15.8103,9.77347,260.518,1303.99,8.61637,113.399,788.864,16.3555,0,0,0,99.9534,10.2565,0,0.0448471,96.1207,3.5788,0.0807247,0.574043,0,0.0448471
"81",8465881,283,"VT66",38.51547,-78.36677,26.5797,8.188,6.486997,519.87,26.5797,4.17949,15.8103,9.77347,260.518,1303.99,8.61637,113.399,788.864,16.3555,0,0,0,99.9534,10.2565,0,0.0448471,96.1207,3.5788,0.0807247,0.574043,0,0.0448471
"82",8465881,76,"2F055",38.52275221,-78.42057407,26.5797,8.188,6.486997,519.87,26.5797,4.17949,15.8103,9.77347,260.518,1303.99,8.61637,113.399,788.864,16.3555,0,0,0,99.9534,10.2565,0,0.0448471,96.1207,3.5788,0.0807247,0.574043,0,0.0448471
"83",5908055,59,"2F029",38.47788739,-78.48164009,10.5597,3.032,5.958127,596.305,6.5979,4.089,15.967,9.80384,263.223,1295.5,8.64372,115.099,779.82,18.8329,0,0,0,100,2.79682,0,0,98.4663,1.53374,0,0,0,0
"84",5908055,116,"2F130",38.48861124,-78.46606192,10.5597,3.032,5.958127,596.305,6.5979,4.089,15.967,9.80384,263.223,1295.5,8.64372,115.099,779.82,18.8329,0,0,0,100,2.79682,0,0,98.4663,1.53374,0,0,0,0
"85",5908055,115,"2F129",38.4800384,-78.47504303,10.5597,3.032,5.958127,596.305,6.5979,4.089,15.967,9.80384,263.223,1295.5,8.64372,115.099,779.82,18.8329,0,0,0,100,2.79682,0,0,98.4663,1.53374,0,0,0,0
"86",932080034,278,"VT58",38.5705,-78.3044,11.736,2.139,6.922393,352.565,3.8673,4.778,16.956,8.84635,237.516,1317.01,7.77869,106.066,517.134,17.7697,0,0,0,100,2.55621,0,0,98.3061,1.69387,0,0,0,0
"87",932080034,60,"2F032",38.57104101,-78.30018322,11.736,2.139,6.922393,352.565,3.8673,4.778,16.956,8.84635,237.516,1317.01,7.77869,106.066,517.134,17.7697,0,0,0,100,2.55621,0,0,98.3061,1.69387,0,0,0,0
"88",932080034,236,"BROKENBACK",38.57366827,-78.29627198,11.736,2.139,6.922393,352.565,3.8673,4.778,16.956,8.84635,237.516,1317.01,7.77869,106.066,517.134,17.7697,0,0,0,100,2.55621,0,0,98.3061,1.69387,0,0,0,0
"89",932080034,145,"2F252",38.57020363,-78.30433253,11.736,2.139,6.922393,352.565,3.8673,4.778,16.956,8.84635,237.516,1317.01,7.77869,106.066,517.134,17.7697,0,0,0,100,2.55621,0,0,98.3061,1.69387,0,0,0,0
"90",932080034,61,"2F033",38.57123985,-78.30646497,11.736,2.139,6.922393,352.565,3.8673,4.778,16.956,8.84635,237.516,1317.01,7.77869,106.066,517.134,17.7697,0,0,0,100,2.55621,0,0,98.3061,1.69387,0,0,0,0
"91",932080033,62,"2F034",38.56732633,-78.31710456,4.6197,2.237,11.433908,545.97,4.6197,4.1825,15.76,9.36947,255.683,1402.07,8.24291,113.623,805.362,17.2683,0,0,0,100,0.618079,0,0,99.5622,0.437806,0,0,0,0
"92",8466045,67,"2F039",38.58725386,-78.31309546,26.0559,6.081,5.981793,455.95,26.0559,4.30308,16.1203,9.15311,259.358,1386.55,8.04735,115.188,738.653,18.5228,0,0,0,100,5.75868,0,0,97.9753,2.02468,0.00914077,0,0.00457038,0
"93",8466045,66,"2F038",38.57742072,-78.29963509,26.0559,6.081,5.981793,455.95,26.0559,4.30308,16.1203,9.15311,259.358,1386.55,8.04735,115.188,738.653,18.5228,0,0,0,100,5.75868,0,0,97.9753,2.02468,0.00914077,0,0.00457038,0
"94",8466045,72,"2F050",38.59522897,-78.31630314,26.0559,6.081,5.981793,455.95,26.0559,4.30308,16.1203,9.15311,259.358,1386.55,8.04735,115.188,738.653,18.5228,0,0,0,100,5.75868,0,0,97.9753,2.02468,0.00914077,0,0.00457038,0
"95",8466045,71,"2F049",38.59173511,-78.31560028,26.0559,6.081,5.981793,455.95,26.0559,4.30308,16.1203,9.15311,259.358,1386.55,8.04735,115.188,738.653,18.5228,0,0,0,100,5.75868,0,0,97.9753,2.02468,0.00914077,0,0.00457038,0
"96",8466045,68,"2F040",38.59175083,-78.3166781,26.0559,6.081,5.981793,455.95,26.0559,4.30308,16.1203,9.15311,259.358,1386.55,8.04735,115.188,738.653,18.5228,0,0,0,100,5.75868,0,0,97.9753,2.02468,0.00914077,0,0.00457038,0
"97",8466045,239,"HUGHES",38.57407658,-78.29630021,26.0559,6.081,5.981793,455.95,26.0559,4.30308,16.1203,9.15311,259.358,1386.55,8.04735,115.188,738.653,18.5228,0,0,0,100,5.75868,0,0,97.9753,2.02468,0.00914077,0,0.00457038,0
"98",8468379,70,"2F048",38.41221165,-78.46908564,9.4257,4.32,11.486687,554.58,9.4257,4.45857,16.3721,9.71964,272.526,1389.85,8.57362,127.504,760.626,19.1615,0,0,0,100,3.30757,0,0,97.4528,2.54721,0,0,0,0
"99",8468379,69,"2F047",38.40656192,-78.45783492,9.4257,4.32,11.486687,554.58,9.4257,4.45857,16.3721,9.71964,272.526,1389.85,8.57362,127.504,760.626,19.1615,0,0,0,100,3.30757,0,0,97.4528,2.54721,0,0,0,0
"100",8466043,86,"2F068",38.5961709,-78.2775253,41.3469,16.93,3.538287,457.15,41.3469,5.22985,17.7451,8.96791,247.597,1280.55,7.86584,109.158,436.503,12.5907,0.371587,0.218919,0.152667,77.8432,12.513,0.135384,21.2006,75.0202,3.62657,0,0.253485,0.184353,21.0652
"101",8466043,73,"2F052",38.63082446,-78.27261273,41.3469,16.93,3.538287,457.15,41.3469,5.22985,17.7451,8.96791,247.597,1280.55,7.86584,109.158,436.503,12.5907,0.371587,0.218919,0.152667,77.8432,12.513,0.135384,21.2006,75.0202,3.62657,0,0.253485,0.184353,21.0652
"102",8466043,89,"2F071",38.61539473,-78.26158756,41.3469,16.93,3.538287,457.15,41.3469,5.22985,17.7451,8.96791,247.597,1280.55,7.86584,109.158,436.503,12.5907,0.371587,0.218919,0.152667,77.8432,12.513,0.135384,21.2006,75.0202,3.62657,0,0.253485,0.184353,21.0652
"103",8466043,85,"2F067",38.59445985,-78.27427001,41.3469,16.93,3.538287,457.15,41.3469,5.22985,17.7451,8.96791,247.597,1280.55,7.86584,109.158,436.503,12.5907,0.371587,0.218919,0.152667,77.8432,12.513,0.135384,21.2006,75.0202,3.62657,0,0.253485,0.184353,21.0652
"104",8466043,150,"2F303",38.61495485,-78.26252301,41.3469,16.93,3.538287,457.15,41.3469,5.22985,17.7451,8.96791,247.597,1280.55,7.86584,109.158,436.503,12.5907,0.371587,0.218919,0.152667,77.8432,12.513,0.135384,21.2006,75.0202,3.62657,0,0.253485,0.184353,21.0652
"105",8466043,74,"2F053",38.63409673,-78.28430482,41.3469,16.93,3.538287,457.15,41.3469,5.22985,17.7451,8.96791,247.597,1280.55,7.86584,109.158,436.503,12.5907,0.371587,0.218919,0.152667,77.8432,12.513,0.135384,21.2006,75.0202,3.62657,0,0.253485,0.184353,21.0652
"106",8466043,97,"2F090",38.63056516,-78.29403047,41.3469,16.93,3.538287,457.15,41.3469,5.22985,17.7451,8.96791,247.597,1280.55,7.86584,109.158,436.503,12.5907,0.371587,0.218919,0.152667,77.8432,12.513,0.135384,21.2006,75.0202,3.62657,0,0.253485,0.184353,21.0652
"107",8466043,121,"2F139",38.62599796,-78.29464371,41.3469,16.93,3.538287,457.15,41.3469,5.22985,17.7451,8.96791,247.597,1280.55,7.86584,109.158,436.503,12.5907,0.371587,0.218919,0.152667,77.8432,12.513,0.135384,21.2006,75.0202,3.62657,0,0.253485,0.184353,21.0652
"108",8466043,96,"2F089",38.625201,-78.26830217,41.3469,16.93,3.538287,457.15,41.3469,5.22985,17.7451,8.96791,247.597,1280.55,7.86584,109.158,436.503,12.5907,0.371587,0.218919,0.152667,77.8432,12.513,0.135384,21.2006,75.0202,3.62657,0,0.253485,0.184353,21.0652
"109",8466043,282,"VT62",38.6162,-78.263855,41.3469,16.93,3.538287,457.15,41.3469,5.22985,17.7451,8.96791,247.597,1280.55,7.86584,109.158,436.503,12.5907,0.371587,0.218919,0.152667,77.8432,12.513,0.135384,21.2006,75.0202,3.62657,0,0.253485,0.184353,21.0652
"110",8466051,77,"2F059",38.53269049,-78.29839481,33.2343,8.729,2.388131,286.08,31.6611,5.74625,18.4458,8.32014,222.628,1171.57,7.31861,96.8985,336.554,11.9434,0.0526791,0,0.0526791,65.3897,20.511,0,33.2292,62.88,3.82676,0.0489163,0.00752559,0.101595,33.2292
"111",8466051,130,"2F216",38.52490899,-78.31161773,33.2343,8.729,2.388131,286.08,31.6611,5.74625,18.4458,8.32014,222.628,1171.57,7.31861,96.8985,336.554,11.9434,0.0526791,0,0.0526791,65.3897,20.511,0,33.2292,62.88,3.82676,0.0489163,0.00752559,0.101595,33.2292
"112",8466051,79,"2F061",38.53937636,-78.3136871,33.2343,8.729,2.388131,286.08,31.6611,5.74625,18.4458,8.32014,222.628,1171.57,7.31861,96.8985,336.554,11.9434,0.0526791,0,0.0526791,65.3897,20.511,0,33.2292,62.88,3.82676,0.0489163,0.00752559,0.101595,33.2292
"113",8466051,128,"2F214",38.54627889,-78.28270277,33.2343,8.729,2.388131,286.08,31.6611,5.74625,18.4458,8.32014,222.628,1171.57,7.31861,96.8985,336.554,11.9434,0.0526791,0,0.0526791,65.3897,20.511,0,33.2292,62.88,3.82676,0.0489163,0.00752559,0.101595,33.2292
"114",8466051,127,"2F213",38.54158897,-78.2838008,33.2343,8.729,2.388131,286.08,31.6611,5.74625,18.4458,8.32014,222.628,1171.57,7.31861,96.8985,336.554,11.9434,0.0526791,0,0.0526791,65.3897,20.511,0,33.2292,62.88,3.82676,0.0489163,0.00752559,0.101595,33.2292
"115",8466051,78,"2F060",38.53756684,-78.3055195,33.2343,8.729,2.388131,286.08,31.6611,5.74625,18.4458,8.32014,222.628,1171.57,7.31861,96.8985,336.554,11.9434,0.0526791,0,0.0526791,65.3897,20.511,0,33.2292,62.88,3.82676,0.0489163,0.00752559,0.101595,33.2292
"116",8468785,87,"2F069",38.3781195,-78.49500057,12.8484,3.946,8.763558,479.175,8.5284,4.8175,16.8075,9.37605476379395,291.084,1409.64,8.27665233612061,126.534,691.113,19.4871,0,0,0,100,3.698,0,0,97.5067,2.49335,0,0.0280151,0.0140076,0
"117",8468433,88,"2F070",38.37948986,-78.50115737,4.32,1.938,11.616331,755.93,4.32,4.13,15.61,9.37605,294.26,1428.43,8.27665,126.967,890.127,13.0662,0,0,0,100,7.26921,0,0,95.5224,4.47761,0,0,0,0
"118",8468285,91,"2F072_1",38.44500635,-78.37121413,10.773,0.49,7.489795,322.97,0.3294,5.24,17.96,8.28613090515137,238.19,1253.28,7.30444860458374,104.92,390.586,18.6312,0,0,0,100,1.77936,0,0,99.6441,0.355872,0,0,0,0
"119",8468285,279,"VT59_1",38.44488028,-78.37171087,10.773,0.49,7.489795,322.97,0.3294,5.24,17.96,8.28613090515137,238.19,1253.28,7.30444860458374,104.92,390.586,18.6312,0,0,0,100,1.77936,0,0,99.6441,0.355872,0,0,0,0
"120",8468285,90,"2F072",38.44461219,-78.37170956,10.773,0.49,7.489795,322.97,0.3294,5.24,17.96,8.28613090515137,238.19,1253.28,7.30444860458374,104.92,390.586,18.6312,0,0,0,100,1.77936,0,0,99.6441,0.355872,0,0,0,0
"121",8468275,94,"2F075",38.45859056,-78.39872196,8.4852,3.736,9.432012,517.51,5.2686,4.61375,16.6263,8.82498,252.983,1320.59,7.77919,104.47,690.203,20.3045,0,0,0,100,1.71946,0,0,98.914,1.08597,0,0,0,0
"122",8468275,271,"SR09",38.45940727,-78.39075497,8.4852,3.736,9.432012,517.51,5.2686,4.61375,16.6263,8.82498,252.983,1320.59,7.77919,104.47,690.203,20.3045,0,0,0,100,1.71946,0,0,98.914,1.08597,0,0,0,0
"123",8468275,273,"SR13",38.45743544,-78.40175739,8.4852,3.736,9.432012,517.51,5.2686,4.61375,16.6263,8.82498,252.983,1320.59,7.77919,104.47,690.203,20.3045,0,0,0,100,1.71946,0,0,98.914,1.08597,0,0,0,0
"124",8468275,93,"2F074",38.45616108,-78.38047638,8.4852,3.736,9.432012,517.51,5.2686,4.61375,16.6263,8.82498,252.983,1320.59,7.77919,104.47,690.203,20.3045,0,0,0,100,1.71946,0,0,98.914,1.08597,0,0,0,0
"125",8468275,272,"SR11",38.45770967,-78.40071628,8.4852,3.736,9.432012,517.51,5.2686,4.61375,16.6263,8.82498,252.983,1320.59,7.77919,104.47,690.203,20.3045,0,0,0,100,1.71946,0,0,98.914,1.08597,0,0,0,0
"126",8468275,92,"2F073",38.45062148,-78.37953969,8.4852,3.736,9.432012,517.51,5.2686,4.61375,16.6263,8.82498,252.983,1320.59,7.77919,104.47,690.203,20.3045,0,0,0,100,1.71946,0,0,98.914,1.08597,0,0,0,0
"127",8468239,95,"2F076",38.46264641,-78.4099598,3.2166,1.276,13.556344,770.09,3.2166,3.8625,15.095,9.59067,268.308,1377.03,8.45524,110.008,954.19,18.6266,0,0,0,100,4.60282,0,0,96.8077,3.19228,0,0,0,0
"128",8468239,151,"2F306",38.46715257,-78.41823183,3.2166,1.276,13.556344,770.09,3.2166,3.8625,15.095,9.59067,268.308,1377.03,8.45524,110.008,954.19,18.6266,0,0,0,100,4.60282,0,0,96.8077,3.19228,0,0,0,0
"129",8468283,120,"2F136",38.49042678,-78.41822472,25.1307,8.995,5.052918,531.875,15.0768,4.62095,16.6195,8.68859,252.517,1298.36,7.65907,106.22,681.927,21.071,0,0,0,100,4.56379,0,0,97.1842,2.81579,0,0,0,0
"130",8468283,99,"2F092",38.45341816,-78.36824823,25.1307,8.995,5.052918,531.875,15.0768,4.62095,16.6195,8.68859,252.517,1298.36,7.65907,106.22,681.927,21.071,0,0,0,100,4.56379,0,0,97.1842,2.81579,0,0,0,0
"131",8468283,119,"2F135",38.46340496,-78.36741159,25.1307,8.995,5.052918,531.875,15.0768,4.62095,16.6195,8.68859,252.517,1298.36,7.65907,106.22,681.927,21.071,0,0,0,100,4.56379,0,0,97.1842,2.81579,0,0,0,0
"132",8468283,118,"2F134",38.44768973,-78.36512891,25.1307,8.995,5.052918,531.875,15.0768,4.62095,16.6195,8.68859,252.517,1298.36,7.65907,106.22,681.927,21.071,0,0,0,100,4.56379,0,0,97.1842,2.81579,0,0,0,0
"133",8468283,155,"2FVA4",38.47094363,-78.38236151,25.1307,8.995,5.052918,531.875,15.0768,4.62095,16.6195,8.68859,252.517,1298.36,7.65907,106.22,681.927,21.071,0,0,0,100,4.56379,0,0,97.1842,2.81579,0,0,0,0
"134",8468283,98,"2F091",38.46694953,-78.38284698,25.1307,8.995,5.052918,531.875,15.0768,4.62095,16.6195,8.68859,252.517,1298.36,7.65907,106.22,681.927,21.071,0,0,0,100,4.56379,0,0,97.1842,2.81579,0,0,0,0
"135",8468283,156,"2FVA5",38.48712671,-78.40670215,25.1307,8.995,5.052918,531.875,15.0768,4.62095,16.6195,8.68859,252.517,1298.36,7.65907,106.22,681.927,21.071,0,0,0,100,4.56379,0,0,97.1842,2.81579,0,0,0,0
"136",8468321,100,"2F093",38.44122244,-78.36781801,41.2812,2.897,2.10321,274.155,5.3775,5.525,18.2213,8.28346,236.166,1215,7.30064,100.955,380.993,16.4003,0.155417,0,0.155417,79.4245,17.4734,0,19.849,77.2202,2.77531,0.0222025,0,0.0666075,19.849
"137",5906841,101,"2F094",38.66565962,-78.37595598,12.7071,4.335,2.65444,354.445,6.9822,4.62273,16.8627,8.76348,232.315,1194.05,7.67833,103.421,511.681,16.4569,0,0,0,94.6591,107.358,0,4.80327,85.1303,10.0664,1.94175,0,0.0510986,4.80327
"138",5906841,245,"PASSRUN",38.66678243,-78.37808923,12.7071,4.335,2.65444,354.445,6.9822,4.62273,16.8627,8.76348,232.315,1194.05,7.67833,103.421,511.681,16.4569,0,0,0,94.6591,107.358,0,4.80327,85.1303,10.0664,1.94175,0,0.0510986,4.80327
"139",5906841,103,"2F096",38.65154742,-78.35223668,12.7071,4.335,2.65444,354.445,6.9822,4.62273,16.8627,8.76348,232.315,1194.05,7.67833,103.421,511.681,16.4569,0,0,0,94.6591,107.358,0,4.80327,85.1303,10.0664,1.94175,0,0.0510986,4.80327
"140",5906841,153,"2F315",38.66155387,-78.37225738,12.7071,4.335,2.65444,354.445,6.9822,4.62273,16.8627,8.76348,232.315,1194.05,7.67833,103.421,511.681,16.4569,0,0,0,94.6591,107.358,0,4.80327,85.1303,10.0664,1.94175,0,0.0510986,4.80327
"141",5906841,102,"2F095",38.65427741,-78.35781651,12.7071,4.335,2.65444,354.445,6.9822,4.62273,16.8627,8.76348,232.315,1194.05,7.67833,103.421,511.681,16.4569,0,0,0,94.6591,107.358,0,4.80327,85.1303,10.0664,1.94175,0,0.0510986,4.80327
"142",5906875,106,"2F112",38.54307844,-78.42568583,23.0949,7.633,9.403848,650.235,23.0949,4.54294,16.8385,9.64348,239.684,1194.64,8.5019,105.463,570.831,15.5402,0.113507,0,0.113507,89.6684,52.8841,0,9.58105,84.1399,6.14488,0.619131,0.0206377,0.128986,9.58105
"143",5906875,104,"2F110",38.54889698,-78.43195855,23.0949,7.633,9.403848,650.235,23.0949,4.54294,16.8385,9.64348,239.684,1194.64,8.5019,105.463,570.831,15.5402,0.113507,0,0.113507,89.6684,52.8841,0,9.58105,84.1399,6.14488,0.619131,0.0206377,0.128986,9.58105
"144",5906875,135,"2F239",38.5552648,-78.42732754,23.0949,7.633,9.403848,650.235,23.0949,4.54294,16.8385,9.64348,239.684,1194.64,8.5019,105.463,570.831,15.5402,0.113507,0,0.113507,89.6684,52.8841,0,9.58105,84.1399,6.14488,0.619131,0.0206377,0.128986,9.58105
"145",5906875,105,"2F111",38.54576367,-78.42836288,23.0949,7.633,9.403848,650.235,23.0949,4.54294,16.8385,9.64348,239.684,1194.64,8.5019,105.463,570.831,15.5402,0.113507,0,0.113507,89.6684,52.8841,0,9.58105,84.1399,6.14488,0.619131,0.0206377,0.128986,9.58105
"146",5908575,108,"2F113_1",38.48609018,-78.50136031,12.879,2.778,3.341252,486.97,4.761,4.60125,17.2463,9.85404777526855,238.996,1189.38,8.68834400177002,104.858,618.906,18.7496,0,0,0,99.645,5.49561,0,0.351317,98.6198,1.02886,0,0.0250941,0,0.351317
"147",5908575,109,"2F114",38.49635166,-78.49982962,12.879,2.778,3.341252,486.97,4.761,4.60125,17.2463,9.85404777526855,238.996,1189.38,8.68834400177002,104.858,618.906,18.7496,0,0,0,99.645,5.49561,0,0.351317,98.6198,1.02886,0,0.0250941,0,0.351317
"148",5908575,107,"2F113",38.48755879,-78.49846789,12.879,2.778,3.341252,486.97,4.761,4.60125,17.2463,9.85404777526855,238.996,1189.38,8.68834400177002,104.858,618.906,18.7496,0,0,0,99.645,5.49561,0,0.351317,98.6198,1.02886,0,0.0250941,0,0.351317
"149",5906887,110,"2F115",38.50061234,-78.48925194,6.7986,2.759,5.115708,640.43,6.7986,4.07,15.9936,9.87783,258.623,1271.81,8.71047,113.633,783.83,15.7167,0.22791,0,0.22791,99.7503,22.5281,0,0,91.0589,8.71318,0,0,0.22791,0
"150",5906863,125,"2F208",38.61279515,-78.39762936,44.1207,14.745,4.781896,589.165,44.1207,4.89788,17.3536,8.24562,223.927,1133.52,7.24735,99.1211,486.254,12.1209,0.0404705,0,0.0404705,62.6856,114.135,0,34.0573,57.282,8.60943,1.59724,0.140298,0.105223,34.0573
"151",5906863,112,"2F120",38.5698534,-78.39788204,44.1207,14.745,4.781896,589.165,44.1207,4.89788,17.3536,8.24562,223.927,1133.52,7.24735,99.1211,486.254,12.1209,0.0404705,0,0.0404705,62.6856,114.135,0,34.0573,57.282,8.60943,1.59724,0.140298,0.105223,34.0573
"152",5906863,111,"2F119",38.57452268,-78.40386251,44.1207,14.745,4.781896,589.165,44.1207,4.89788,17.3536,8.24562,223.927,1133.52,7.24735,99.1211,486.254,12.1209,0.0404705,0,0.0404705,62.6856,114.135,0,34.0573,57.282,8.60943,1.59724,0.140298,0.105223,34.0573
"153",5906863,113,"2F121",38.56634023,-78.39548193,44.1207,14.745,4.781896,589.165,44.1207,4.89788,17.3536,8.24562,223.927,1133.52,7.24735,99.1211,486.254,12.1209,0.0404705,0,0.0404705,62.6856,114.135,0,34.0573,57.282,8.60943,1.59724,0.140298,0.105223,34.0573
"154",5906891,114,"2F122",38.50134461,-78.55947952,5.2542,3.068,4.441932,466.09,5.2542,4.59778,17.18,8.54588890075684,234.591,1166.12,7.52842617034912,102.572,615.877,25.176,0,0,0,100,0.498979,0,0,99.5691,0.430937,0,0,0,0
"155",5906843,117,"2F131",38.63293738,-78.35798738,35.9406,8.57,1.236639,281,29.3472,5.0507,17.6933,7.99607,214.631,1097.14,7.01608,95.0114,449.352,11.1918,0.18656,0,0.18656,70.7493,303.103,0,24.3866,59.4355,15.9914,6.11185,0.34473,0.263617,24.3866
"156",5906843,122,"2F140",38.61594819,-78.37935174,35.9406,8.57,1.236639,281,29.3472,5.0507,17.6933,7.99607,214.631,1097.14,7.01608,95.0114,449.352,11.1918,0.18656,0,0.18656,70.7493,303.103,0,24.3866,59.4355,15.9914,6.11185,0.34473,0.263617,24.3866
"157",5908047,124,"2F205",38.4897973,-78.56670872,6.3297,2.764,3.841172,419.965,2.1726,4.88333,17.8667,8.49025535583496,221.323,1108.73,7.47351741790771,95.7433,501.498,18.2388,0,0,0,97.3018,2.14286,0,2.69231,97.0879,0.21978,0,0.769231,0,2.69231
"158",8468427,126,"2F212",38.39216801,-78.48038596,4.5657,2.724,11.922173,529.86,2.5848,4.9575,17.575,9.20715,278.928,1381.17,8.12929,124.733,610.205,22.7441,0,0,0,100,1.34011,0,0,98.7985,1.20148,0,0,0,0
"159",8466047,131,"2F217",38.58510077,-78.28479053,51.8841,7.172,1.34802,230.19,14.0922,5.63895,18.4237,8.3073,228.661,1207.96,7.29576,100.648,334.487,10.6121,0.624894,0.624894,0,74.9157,23.138,0.515116,23.8727,71.2971,4.83027,0.0422226,0.574227,0.0675562,23.3575
"160",8468335,132,"2F221",38.42201637,-78.38238805,8.2494,2.837,6.167077,331.17,5.3325,5.43625,18.16,8.9957447052002,241.578,1256.24,7.93049764633179,107.721,409.887,14.8849,0,0,0,85.5016,17.2483,0,14.1611,83.5123,2.32662,0.223714,0.0671141,0,14.1611
"161",8468773,154,"2FVA10",38.43249006,-78.43393929,14.5998,4.56,7.361451,581.58,14.5998,4.37524,16.1643,9.5827,265.009,1362.13,8.44856,113.418,790.029,20.0552,0,0,0,100,3.52567,0,0,98.0984,1.90158,0,0,0,0
"162",8468773,133,"2F222",38.45067234,-78.44577944,14.5998,4.56,7.361451,581.58,14.5998,4.37524,16.1643,9.5827,265.009,1362.13,8.44856,113.418,790.029,20.0552,0,0,0,100,3.52567,0,0,98.0984,1.90158,0,0,0,0
"163",8468773,148,"2F255",38.45876909,-78.44317206,14.5998,4.56,7.361451,581.58,14.5998,4.37524,16.1643,9.5827,265.009,1362.13,8.44856,113.418,790.029,20.0552,0,0,0,100,3.52567,0,0,98.0984,1.90158,0,0,0,0
"164",5908579,134,"2F238",38.46476003,-78.5004966,8.7912,2.39,7.374476,513.525,6.0867,4.20125,16.2963,8.89560222625732,257.106,1271.97,7.84193134307861,113.228,721.461,19.0582,0,0,0,100,6.72681,0,0,96.2149,3.78506,0,0,0,0
"165",5908131,136,"2F240",38.42250083,-78.52158828,5.9841,2.534,3.835438,464.745,2.6595,4.675,17.375,8.17453193664551,245.945,1215.78,7.20760440826416,107.68,527.606,16.7638,0,0,0,98.3395,22.1271,0,1.62235,96.0793,2.29833,0.540784,0,0.0450653,1.62235
"166",8468425,137,"2F241",38.3958723,-78.469418,2.781,1.818,12.5497,472.27,2.781,4.925,17.3675,9.2071475982666,273.54,1361.56,8.12928771972656,122.42,657.327,19.1346,0,0,0,99.7801,3.08351,0,0.214133,97.1734,2.61242,0,0,0,0.214133
"167",8468317,138,"2F242",38.43543692,-78.46800181,5.9769,4.331,12.273857,675.845,5.9769,4.206,16.021,9.55293,268.655,1376.43,8.42209,122.996,825.72,18.6191,0,0,0,100,1.60032,0,0,98.9798,1.0202,0,0,0,0
"168",5908165,139,"2F243",38.4033715,-78.53454667,14.8707,9.786,4.303392,496.065,13.4262,5.201,18.007,7.84921,224.039,1123.82,6.9162,97.293,463.027,8.77471,0,0,0,72.6557,160.849,0,24.3716,64.7571,10.8713,2.52243,0.59508,0.0799361,24.3716
"169",5908201,140,"2F244",38.38035772,-78.54912073,8.658,4.863,7.477292,526.525,8.658,4.85929,17.0607,8.19222,250.635,1248.04,7.22969,107.762,595.895,14.8262,0,0,0,88.6925,19.7191,0,10.8372,85.0041,4.15863,0.110162,0.123933,0.0550812,10.8372
"170",5908045,141,"2F245",38.49488101,-78.51628943,4.068,1.922,5.078043,489.36,2.9574,4.73,17.61,9.85405,235.65,1173.94,8.68834,103.28,577.78,16.1365,0,0,0,89.7902,1.76991,0,10.177,89.5012,0.321802,0,0,0,10.177
"171",5908219,142,"2F247",38.37704883,-78.57194487,4.5081,3.245,9.847172,542.845,4.5081,5.20167,16.99,9.19989967346191,248.638,1246.43,8.14766693115234,105.355,600.203,14.5291,0,0,0,99.2255,82.2765,0,0.689838,88.3789,10.9313,1.11435,0,0,0.689838
"172",5906881,143,"2F250",38.52320818,-78.45867474,17.3889,9.338,7.367979,636.875,17.3889,4.6748,17.3208,8.61572,235.036,1173.43,7.59581,103.317,559.187,13.9419,0,0,0,85.3467,62.016,0,13.6572,79.545,6.74981,0.774344,0,0.068526,13.6572
"173",5906881,235,"BM",38.52039277,-78.44813801,17.3889,9.338,7.367979,636.875,17.3889,4.6748,17.3208,8.61572,235.036,1173.43,7.59581,103.317,559.187,13.9419,0,0,0,85.3467,62.016,0,13.6572,79.545,6.74981,0.774344,0,0.068526,13.6572
"174",5908123,147,"2F254",38.42548868,-78.54317359,25.7283,4.906,1.893781,369.705,7.6122,5.04273,18.2364,8.61698,222.788,1117.82,7.59436,97.2182,442.664,13.8978,0,0,0,89.3924,47.6295,0,10.108,85.1823,4.70975,0.641527,0.046941,0,10.108
"175",5908123,144,"2F251",38.42966739,-78.53794697,25.7283,4.906,1.893781,369.705,7.6122,5.04273,18.2364,8.61698,222.788,1117.82,7.59436,97.2182,442.664,13.8978,0,0,0,89.3924,47.6295,0,10.108,85.1823,4.70975,0.641527,0.046941,0,10.108
"176",8468375,158,"2FVA9",38.41802061,-78.43656859,27.2952,3.064,3.398172,367.2,6.7185,4.84889,17.3678,9.45903,255.59,1338.11,8.34063,117.893,587.984,19.6852,0,0,0,100,7.1733,0,0,98.0114,1.98864,0,0.177557,0,0
"177",8468375,157,"2FVA8",38.41143727,-78.43900726,27.2952,3.064,3.398172,367.2,6.7185,4.84889,17.3678,9.45903,255.59,1338.11,8.34063,117.893,587.984,19.6852,0,0,0,100,7.1733,0,0,98.0114,1.98864,0,0.177557,0,0
"178",8567091,214,"3F220",38.28239058,-78.62364104,27.1026,7.595,4.070046,380.78,22.761,6.4897,17.9188,10.1752,251.242,1327.57,9.12765,115.629,543.435,16.7855,0,0,0,93.5833,15.497,0,6.19776,90.3906,3.36961,0.0998791,0.0420544,0.0157704,6.19776
"179",8567091,159,"3F018",38.27960208,-78.64067562,27.1026,7.595,4.070046,380.78,22.761,6.4897,17.9188,10.1752,251.242,1327.57,9.12765,115.629,543.435,16.7855,0,0,0,93.5833,15.497,0,6.19776,90.3906,3.36961,0.0998791,0.0420544,0.0157704,6.19776
"180",8566419,161,"3F020",38.27764076,-78.65475433,4.3416,1.459,8.704354,592.31,4.3416,4.86714,16.4186,10.804407119751,272.399,1466.27,9.66290473937988,129.673,797.52,18.8451,0,0,0,100,8.61784,0,0,96.4207,3.55176,0,0,0,0
"181",8566419,160,"3F019",38.28326931,-78.65347208,4.3416,1.459,8.704354,592.31,4.3416,4.86714,16.4186,10.804407119751,272.399,1466.27,9.66290473937988,129.673,797.52,18.8451,0,0,0,100,8.61784,0,0,96.4207,3.55176,0,0,0,0
"182",5908321,163,"3F022",38.28894667,-78.69806754,34.9299,7.03,1.532005,358.02,10.6875,5.93133,18.1153,7.26631,206.425,1053.1,6.43908,87.1807,460.204,14.3041,0.123043,0,0.123043,96.1919,27.8524,0,3.57942,93.5235,2.55034,0.514541,0.134228,0.178971,3.57942
"183",5908321,215,"3F257",38.31352483,-78.70546917,34.9299,7.03,1.532005,358.02,10.6875,5.93133,18.1153,7.26631,206.425,1053.1,6.43908,87.1807,460.204,14.3041,0.123043,0,0.123043,96.1919,27.8524,0,3.57942,93.5235,2.55034,0.514541,0.134228,0.178971,3.57942
"184",5908321,162,"3F021",38.30639617,-78.70359747,34.9299,7.03,1.532005,358.02,10.6875,5.93133,18.1153,7.26631,206.425,1053.1,6.43908,87.1807,460.204,14.3041,0.123043,0,0.123043,96.1919,27.8524,0,3.57942,93.5235,2.55034,0.514541,0.134228,0.178971,3.57942
"185",5908321,234,"BIGRUN",38.31349898,-78.7053859,34.9299,7.03,1.532005,358.02,10.6875,5.93133,18.1153,7.26631,206.425,1053.1,6.43908,87.1807,460.204,14.3041,0.123043,0,0.123043,96.1919,27.8524,0,3.57942,93.5235,2.55034,0.514541,0.134228,0.178971,3.57942
"186",5908321,186,"3F097",38.29713428,-78.6997454,34.9299,7.03,1.532005,358.02,10.6875,5.93133,18.1153,7.26631,206.425,1053.1,6.43908,87.1807,460.204,14.3041,0.123043,0,0.123043,96.1919,27.8524,0,3.57942,93.5235,2.55034,0.514541,0.134228,0.178971,3.57942
"187",5908347,187,"3F098",38.26567586,-78.69895401,15.8022,4.104,3.213937,477.82,12.1374,5.80375,17.3594,10.772,230.607,1221.65,9.6566,99.3925,632.06,22.2692,0,0,0,100,0.601519,0,0,99.8718,0.128192,0,0,0,0
"188",5908347,190,"3F101",38.2609115,-78.7020608,15.8022,4.104,3.213937,477.82,12.1374,5.80375,17.3594,10.772,230.607,1221.65,9.6566,99.3925,632.06,22.2692,0,0,0,100,0.601519,0,0,99.8718,0.128192,0,0,0,0
"189",5908347,164,"3F023",38.27217913,-78.69905732,15.8022,4.104,3.213937,477.82,12.1374,5.80375,17.3594,10.772,230.607,1221.65,9.6566,99.3925,632.06,22.2692,0,0,0,100,0.601519,0,0,99.8718,0.128192,0,0,0,0
"190",5908593,165,"3F024",38.25840854,-78.77865582,22.2687,7.974,1.645221,382.205,10.431,6.0125,18.4138,9.67515,211.268,1076.58,8.64538,85.5769,461.669,10.706,0.0803305,0,0.0803305,92.0967,129.24,0,7.19532,84.7831,7.60845,3.50011,0.413128,0.252467,7.19532
"191",5908593,166,"3F025",38.25485195,-78.75842689,22.2687,7.974,1.645221,382.205,10.431,6.0125,18.4138,9.67515,211.268,1076.58,8.64538,85.5769,461.669,10.706,0.0803305,0,0.0803305,92.0967,129.24,0,7.19532,84.7831,7.60845,3.50011,0.413128,0.252467,7.19532
"192",5908593,227,"3F271",38.25136112,-78.74887342,22.2687,7.974,1.645221,382.205,10.431,6.0125,18.4138,9.67515,211.268,1076.58,8.64538,85.5769,461.669,10.706,0.0803305,0,0.0803305,92.0967,129.24,0,7.19532,84.7831,7.60845,3.50011,0.413128,0.252467,7.19532
"193",5908593,167,"3F026",38.25204021,-78.74829114,22.2687,7.974,1.645221,382.205,10.431,6.0125,18.4138,9.67515,211.268,1076.58,8.64538,85.5769,461.669,10.706,0.0803305,0,0.0803305,92.0967,129.24,0,7.19532,84.7831,7.60845,3.50011,0.413128,0.252467,7.19532
"194",8567081,168,"3F041",38.34211386,-78.5112756,19.7181,4.853,3.009478,353.485,7.695,6.92273,17.9555,9.32506,270.91,1316.08,8.28352,115.408,483.888,15.3453,0,0,0,96.818,37.3176,0,2.94939,89.7392,7.31139,0.155231,0.0465694,0,2.94939
"195",8566391,169,"3F042",38.34619155,-78.51916295,8.0028,0.956,4.355648,447.33,0.6678,7.05,18.05,10.2269229888916,284.9,1382.73,9.06061458587646,122.44,497.772,15.0357,0,0,0,100,150.449,0,0,84.0215,15.9785,2.1544,0,0,0
"196",8566387,170,"3F043",38.3489521,-78.53341421,7.335,2.728,10.266589,600.435,7.335,4.89231,16.2738,10.2269,285.629,1411.18,9.06061,122.838,750.605,16.7547,0,0,0,100,35.4418,0,0,93.6746,6.3254,0.391262,0,0,0
"197",8566587,171,"3F044",38.18288034,-78.73809475,17.1549,3.227,3.379609,483,7.7715,5.646,17.233,10.678,275.328,1353.47,9.64832,106.959,668.974,18.3965,0,0,0,100,4.60993,0,0,97.9648,2.03515,0,0,0,0
"198",8566587,182,"3F085",38.17522904,-78.73990728,17.1549,3.227,3.379609,483,7.7715,5.646,17.233,10.678,275.328,1353.47,9.64832,106.959,668.974,18.3965,0,0,0,100,4.60993,0,0,97.9648,2.03515,0,0,0,0
"199",8567117,240,"MOORMANS",38.14236402,-78.74978902,26.0937,3.013,3.74444,372.06,5.31,5.964,17.638,9.93633,272.171,1337.24,9.06259,108.298,593.335,20.8623,0,0,0,100,9.76545,0,0,98.3085,1.69147,0.112765,0,0,0
"200",8567117,181,"3F084",38.14793491,-78.74880152,26.0937,3.013,3.74444,372.06,5.31,5.964,17.638,9.93633,272.171,1337.24,9.06259,108.298,593.335,20.8623,0,0,0,100,9.76545,0,0,98.3085,1.69147,0.112765,0,0,0
"201",8567117,173,"3F046",38.14194376,-78.74956254,26.0937,3.013,3.74444,372.06,5.31,5.964,17.638,9.93633,272.171,1337.24,9.06259,108.298,593.335,20.8623,0,0,0,100,9.76545,0,0,98.3085,1.69147,0.112765,0,0,0
"202",8567117,172,"3F045",38.16422908,-78.74400623,26.0937,3.013,3.74444,372.06,5.31,5.964,17.638,9.93633,272.171,1337.24,9.06259,108.298,593.335,20.8623,0,0,0,100,9.76545,0,0,98.3085,1.69147,0.112765,0,0,0
"203",8567121,180,"3F083",38.11300634,-78.77064795,14.454,5.152,5.69706,442.685,14.454,5.75318,17.3791,9.60994,278.72,1358.73,8.77281,109.758,629.347,17.3524,0,0,0,98.7639,8.45899,0,1.18476,94.6645,4.15079,0,0,0,1.18476
"204",8567121,174,"3F077",38.11870651,-78.76784056,14.454,5.152,5.69706,442.685,14.454,5.75318,17.3791,9.60994,278.72,1358.73,8.77281,109.758,629.347,17.3524,0,0,0,98.7639,8.45899,0,1.18476,94.6645,4.15079,0,0,0,1.18476
"205",8567121,179,"3F082",38.11871767,-78.76676805,14.454,5.152,5.69706,442.685,14.454,5.75318,17.3791,9.60994,278.72,1358.73,8.77281,109.758,629.347,17.3524,0,0,0,98.7639,8.45899,0,1.18476,94.6645,4.15079,0,0,0,1.18476
"206",8567113,177,"3F080",38.17057308,-78.75413137,3.6288,2.383,12.334229,566.12,3.6288,5.14833,16.9367,10.9685,283.665,1373.38,9.93909,109.362,720.4,20.6261,0,0,0,100,25.4461,0,0,96.1666,3.83344,0.198282,0,0,0
"207",8567113,175,"3F078",38.1657424,-78.74538773,3.6288,2.383,12.334229,566.12,3.6288,5.14833,16.9367,10.9685,283.665,1373.38,9.93909,109.362,720.4,20.6261,0,0,0,100,25.4461,0,0,96.1666,3.83344,0.198282,0,0,0
"208",8567113,176,"3F079",38.16648405,-78.74717468,3.6288,2.383,12.334229,566.12,3.6288,5.14833,16.9367,10.9685,283.665,1373.38,9.93909,109.362,720.4,20.6261,0,0,0,100,25.4461,0,0,96.1666,3.83344,0.198282,0,0,0
"209",8566663,178,"3F081",38.1405001,-78.75181462,2.9538,2.263,19.522006,521.9,2.9538,5.52,17.1875,11.0001182556152,275.64,1362.2,9.99269676208496,112.188,714.386,21.1044,0,0,0,100,10.4107,0,0,96.95,3.05002,0,0,0,0
"210",8566567,184,"3F087",38.22962603,-78.69308798,29.7432,7.587,2.867404,337.305,19.764,6.70724,18.5214,10.8195,250.757,1264.24,9.8019,105.297,455.668,15.1042,0.0242292,0,0.0242292,89.1137,22.9572,0,10.5034,86.1772,3.29517,0.121146,0.0484584,0.060573,10.5034
"211",8566567,183,"3F086",38.22274066,-78.68661759,29.7432,7.587,2.867404,337.305,19.764,6.70724,18.5214,10.8195,250.757,1264.24,9.8019,105.297,455.668,15.1042,0.0242292,0,0.0242292,89.1137,22.9572,0,10.5034,86.1772,3.29517,0.121146,0.0484584,0.060573,10.5034
"212",8566453,185,"3F088",38.23873248,-78.69108648,3.3777,0.323,18.808049,587.915,1.0431,4.905,16.435,11.6392116546631,270.545,1416.1,10.4706954956055,118.75,778.671,14.8118,0,0,0,100,3.21101,0,0,97.4771,2.52294,0,0,0,0
"213",5908269,191,"3F102",38.32965405,-78.66782602,9.1683,5.902,2.915621,385.68,7.1217,6.13917,18.1792,7.60521,211.762,1073.46,6.7449,90.4842,468.166,14.987,0.502597,0,0.502597,94.431,34.6122,0,4.9087,91.7574,2.83129,0.56961,0,0.368571,4.9087
"214",5908269,192,"3F103",38.33422009,-78.67156204,9.1683,5.902,2.915621,385.68,7.1217,6.13917,18.1792,7.60521,211.762,1073.46,6.7449,90.4842,468.166,14.987,0.502597,0,0.502597,94.431,34.6122,0,4.9087,91.7574,2.83129,0.56961,0,0.368571,4.9087
"215",5908269,188,"3F099",38.32229219,-78.65967576,9.1683,5.902,2.915621,385.68,7.1217,6.13917,18.1792,7.60521,211.762,1073.46,6.7449,90.4842,468.166,14.987,0.502597,0,0.502597,94.431,34.6122,0,4.9087,91.7574,2.83129,0.56961,0,0.368571,4.9087
"216",5908269,277,"VT53",38.33388,-78.67119,9.1683,5.902,2.915621,385.68,7.1217,6.13917,18.1792,7.60521,211.762,1073.46,6.7449,90.4842,468.166,14.987,0.502597,0,0.502597,94.431,34.6122,0,4.9087,91.7574,2.83129,0.56961,0,0.368571,4.9087
"217",5908325,189,"3F100",38.28659433,-78.6952866,8.4402,2.712,4.323575,467.255,8.4402,5.72071,17.2621,10.8044,243.35,1277.41,9.6629,110.044,640.922,23.4305,0,0,0,100,8.42776,0,0,98.5411,1.45892,0,0,0,0
"218",5908305,193,"3F104",38.30077551,-78.73288002,3.6576,1.693,4.542232,397.08,0.936,5.73,18.765,7.3771071434021,203.795,1041.12,6.54240703582764,83.975,402.295,5.26324,0,0,0,98.855,0,0,1.14504,98.855,0,0,0.254453,0,1.14504
"219",5908329,195,"3F106",38.29361828,-78.72575881,2.7216,2.128,6.339565,498.26,2.7216,5.7175,17.4025,8.29487705230713,209.833,1099.89,7.41609191894531,88.7725,632.689,24.5244,0,0,0,100,0,0,0,100,0,0,0,0,0
"220",5908329,194,"3F105",38.29669653,-78.72767438,2.7216,2.128,6.339565,498.26,2.7216,5.7175,17.4025,8.29487705230713,209.833,1099.89,7.41609191894531,88.7725,632.689,24.5244,0,0,0,100,0,0,0,100,0,0,0,0,0
"221",5908783,217,"3F260",38.15227355,-78.79447616,511.1109,0.478,0.037656,362.92,18.27,5.32692,17.4381,10.6887,260.512,1249.43,9.6818,98.0592,616.396,14.9811,0.0918394,0,0.0918394,94.4921,62.8903,0.0262398,5.12989,89.5828,5.19549,1.62031,0.150879,0.0983994,5.10365
"222",5908783,198,"3F109",38.16534387,-78.79606489,511.1109,0.478,0.037656,362.92,18.27,5.32692,17.4381,10.6887,260.512,1249.43,9.6818,98.0592,616.396,14.9811,0.0918394,0,0.0918394,94.4921,62.8903,0.0262398,5.12989,89.5828,5.19549,1.62031,0.150879,0.0983994,5.10365
"223",5908783,197,"3F108",38.160223,-78.80313581,511.1109,0.478,0.037656,362.92,18.27,5.32692,17.4381,10.6887,260.512,1249.43,9.6818,98.0592,616.396,14.9811,0.0918394,0,0.0918394,94.4921,62.8903,0.0262398,5.12989,89.5828,5.19549,1.62031,0.150879,0.0983994,5.10365
"224",5908783,196,"3F107",38.15893016,-78.81183524,511.1109,0.478,0.037656,362.92,18.27,5.32692,17.4381,10.6887,260.512,1249.43,9.6818,98.0592,616.396,14.9811,0.0918394,0,0.0918394,94.4921,62.8903,0.0262398,5.12989,89.5828,5.19549,1.62031,0.150879,0.0983994,5.10365
"225",5908783,275,"VT36",38.1587,-78.8059,511.1109,0.478,0.037656,362.92,18.27,5.32692,17.4381,10.6887,260.512,1249.43,9.6818,98.0592,616.396,14.9811,0.0918394,0,0.0918394,94.4921,62.8903,0.0262398,5.12989,89.5828,5.19549,1.62031,0.150879,0.0983994,5.10365
"226",5908397,252,"PR05",38.1954935,-78.78915673,15.435,6.05,2.437851,460.445,12.8556,5.64,17.5142,9.88746,258.298,1226.02,8.88489,92.8437,584.684,19.1897,0,0,0,99.1538,17.252,0,0.819748,96.0596,3.06474,0.186306,0.027946,0.00931532,0.819748
"227",5908397,256,"PR15",38.19718313,-78.77366822,15.435,6.05,2.437851,460.445,12.8556,5.64,17.5142,9.88746,258.298,1226.02,8.88489,92.8437,584.684,19.1897,0,0,0,99.1538,17.252,0,0.819748,96.0596,3.06474,0.186306,0.027946,0.00931532,0.819748
"228",5908397,243,"NPR3",38.19757632,-78.76787181,15.435,6.05,2.437851,460.445,12.8556,5.64,17.5142,9.88746,258.298,1226.02,8.88489,92.8437,584.684,19.1897,0,0,0,99.1538,17.252,0,0.819748,96.0596,3.06474,0.186306,0.027946,0.00931532,0.819748
"229",5908397,260,"PR25",38.1978274,-78.76537035,15.435,6.05,2.437851,460.445,12.8556,5.64,17.5142,9.88746,258.298,1226.02,8.88489,92.8437,584.684,19.1897,0,0,0,99.1538,17.252,0,0.819748,96.0596,3.06474,0.186306,0.027946,0.00931532,0.819748
"230",5908397,261,"PR26",38.20189865,-78.76338457,15.435,6.05,2.437851,460.445,12.8556,5.64,17.5142,9.88746,258.298,1226.02,8.88489,92.8437,584.684,19.1897,0,0,0,99.1538,17.252,0,0.819748,96.0596,3.06474,0.186306,0.027946,0.00931532,0.819748
"231",5908397,258,"PR19",38.19692847,-78.76880044,15.435,6.05,2.437851,460.445,12.8556,5.64,17.5142,9.88746,258.298,1226.02,8.88489,92.8437,584.684,19.1897,0,0,0,99.1538,17.252,0,0.819748,96.0596,3.06474,0.186306,0.027946,0.00931532,0.819748
"232",5908397,251,"PR04",38.19636149,-78.78883361,15.435,6.05,2.437851,460.445,12.8556,5.64,17.5142,9.88746,258.298,1226.02,8.88489,92.8437,584.684,19.1897,0,0,0,99.1538,17.252,0,0.819748,96.0596,3.06474,0.186306,0.027946,0.00931532,0.819748
"233",5908397,265,"PR37",38.19806684,-78.78847372,15.435,6.05,2.437851,460.445,12.8556,5.64,17.5142,9.88746,258.298,1226.02,8.88489,92.8437,584.684,19.1897,0,0,0,99.1538,17.252,0,0.819748,96.0596,3.06474,0.186306,0.027946,0.00931532,0.819748
"234",5908397,253,"PR09",38.19322123,-78.78382494,15.435,6.05,2.437851,460.445,12.8556,5.64,17.5142,9.88746,258.298,1226.02,8.88489,92.8437,584.684,19.1897,0,0,0,99.1538,17.252,0,0.819748,96.0596,3.06474,0.186306,0.027946,0.00931532,0.819748
"235",5908397,259,"PR21",38.1965143,-78.76739724,15.435,6.05,2.437851,460.445,12.8556,5.64,17.5142,9.88746,258.298,1226.02,8.88489,92.8437,584.684,19.1897,0,0,0,99.1538,17.252,0,0.819748,96.0596,3.06474,0.186306,0.027946,0.00931532,0.819748
"236",5908397,254,"PR10",38.19402854,-78.77981569,15.435,6.05,2.437851,460.445,12.8556,5.64,17.5142,9.88746,258.298,1226.02,8.88489,92.8437,584.684,19.1897,0,0,0,99.1538,17.252,0,0.819748,96.0596,3.06474,0.186306,0.027946,0.00931532,0.819748
"237",5908397,242,"NPR1",38.19440615,-78.78143767,15.435,6.05,2.437851,460.445,12.8556,5.64,17.5142,9.88746,258.298,1226.02,8.88489,92.8437,584.684,19.1897,0,0,0,99.1538,17.252,0,0.819748,96.0596,3.06474,0.186306,0.027946,0.00931532,0.819748
"238",5908397,233,"3FPR2",38.20146625,-78.80332947,15.435,6.05,2.437851,460.445,12.8556,5.64,17.5142,9.88746,258.298,1226.02,8.88489,92.8437,584.684,19.1897,0,0,0,99.1538,17.252,0,0.819748,96.0596,3.06474,0.186306,0.027946,0.00931532,0.819748
"239",5908397,244,"PAIN",38.1986,-78.7934,15.435,6.05,2.437851,460.445,12.8556,5.64,17.5142,9.88746,258.298,1226.02,8.88489,92.8437,584.684,19.1897,0,0,0,99.1538,17.252,0,0.819748,96.0596,3.06474,0.186306,0.027946,0.00931532,0.819748
"240",5908397,263,"PR29",38.20708569,-78.75707057,15.435,6.05,2.437851,460.445,12.8556,5.64,17.5142,9.88746,258.298,1226.02,8.88489,92.8437,584.684,19.1897,0,0,0,99.1538,17.252,0,0.819748,96.0596,3.06474,0.186306,0.027946,0.00931532,0.819748
"241",5908397,200,"3F124",38.19476399,-78.78407521,15.435,6.05,2.437851,460.445,12.8556,5.64,17.5142,9.88746,258.298,1226.02,8.88489,92.8437,584.684,19.1897,0,0,0,99.1538,17.252,0,0.819748,96.0596,3.06474,0.186306,0.027946,0.00931532,0.819748
"242",5908397,255,"PR13",38.19439054,-78.7770416,15.435,6.05,2.437851,460.445,12.8556,5.64,17.5142,9.88746,258.298,1226.02,8.88489,92.8437,584.684,19.1897,0,0,0,99.1538,17.252,0,0.819748,96.0596,3.06474,0.186306,0.027946,0.00931532,0.819748
"243",5908397,262,"PR28",38.20172039,-78.76159727,15.435,6.05,2.437851,460.445,12.8556,5.64,17.5142,9.88746,258.298,1226.02,8.88489,92.8437,584.684,19.1897,0,0,0,99.1538,17.252,0,0.819748,96.0596,3.06474,0.186306,0.027946,0.00931532,0.819748
"244",5908397,199,"3F123",38.19872367,-78.79337203,15.435,6.05,2.437851,460.445,12.8556,5.64,17.5142,9.88746,258.298,1226.02,8.88489,92.8437,584.684,19.1897,0,0,0,99.1538,17.252,0,0.819748,96.0596,3.06474,0.186306,0.027946,0.00931532,0.819748
"245",5908397,201,"3F125",38.19557507,-78.77812176,15.435,6.05,2.437851,460.445,12.8556,5.64,17.5142,9.88746,258.298,1226.02,8.88489,92.8437,584.684,19.1897,0,0,0,99.1538,17.252,0,0.819748,96.0596,3.06474,0.186306,0.027946,0.00931532,0.819748
"246",5908397,257,"PR18",38.1987412,-78.77267303,15.435,6.05,2.437851,460.445,12.8556,5.64,17.5142,9.88746,258.298,1226.02,8.88489,92.8437,584.684,19.1897,0,0,0,99.1538,17.252,0,0.819748,96.0596,3.06474,0.186306,0.027946,0.00931532,0.819748
"247",5908261,202,"3F126",38.32459938,-78.68626187,10.1592,3.656,2.570295,350.625,2.9385,5.895,18.8425,7.64349,200.533,1017.89,6.76842,84.4,385.559,5.75086,0,0,0,88.2823,137.556,0,10.7536,81.0183,8.22811,2.93279,0.203666,0.0407332,10.7536
"248",5908275,203,"3F127",38.31860185,-78.68119632,4.5981,2.643,4.184638,452.91,2.3436,6.0125,17.555,7.6928277015686,216.04,1106.97,6.84392833709717,95.5575,557.224,22.6598,0,0,0,100,0,0,0,100,0,0,0,0,0
"249",5908275,204,"3F128",38.31447233,-78.67196679,4.5981,2.643,4.184638,452.91,2.3436,6.0125,17.555,7.6928277015686,216.04,1106.97,6.84392833709717,95.5575,557.224,22.6598,0,0,0,100,0,0,0,100,0,0,0,0,0
"250",5908481,206,"3F144",38.09894711,-78.80475338,16.3188,6.859,3.181818,501.61,16.3188,5.7352,17.528,9.82505,283.246,1352.39,8.92847,109.549,592.751,15.4294,0,0,0,98.9516,44.9938,0,0.984353,92.9112,6.10446,0.470139,0,0.0146918,0.984353
"251",5908481,205,"3F143",38.097019,-78.80766247,16.3188,6.859,3.181818,501.61,16.3188,5.7352,17.528,9.82505,283.246,1352.39,8.92847,109.549,592.751,15.4294,0,0,0,98.9516,44.9938,0,0.984353,92.9112,6.10446,0.470139,0,0.0146918,0.984353
"252",8566529,207,"3F200",38.20147741,-78.72883934,7.0704,3.401,6.275299,639.535,7.0704,5.06091,16.7527,10.9325,273.439,1391.97,9.88053,111.659,769.549,16.04,0,0,0,100,6.98579,0,0,97.4797,2.5203,0,0,0,0
"253",8566529,208,"3F201",38.21067479,-78.72152823,7.0704,3.401,6.275299,639.535,7.0704,5.06091,16.7527,10.9325,273.439,1391.97,9.88053,111.659,769.549,16.04,0,0,0,100,6.98579,0,0,97.4797,2.5203,0,0,0,0
"254",5908447,216,"3F259",38.14487489,-78.80015453,10.4292,6.052,3.024785,460.99,9.2232,5.69571,17.9414,10.2289,250.877,1197.91,9.27154,94.5686,533.32,11.6197,1.01246,0,1.01246,92.8635,187.656,0,5.23105,81.2435,12.513,3.82918,0.584112,0.843718,5.23105
"255",5908447,209,"3F202",38.13812474,-78.80707735,10.4292,6.052,3.024785,460.99,9.2232,5.69571,17.9414,10.2289,250.877,1197.91,9.27154,94.5686,533.32,11.6197,1.01246,0,1.01246,92.8635,187.656,0,5.23105,81.2435,12.513,3.82918,0.584112,0.843718,5.23105
"256",5908723,210,"3F203",38.31267985,-78.72609828,2809.2744,7.132,0.095064,307.23,18.8739,6.07714,18.9493,6.69301,198.124,998.056,5.90977,81.4296,356.243,4.06725,3.40175,0,3.40175,38.9717,118.909,0,54.1936,36.7794,5.5999,2.17915,0.532117,2.87597,54.1936
"257",5908247,211,"3F204",38.35253847,-78.64254633,10.278,5.07,1.93708,353.025,7.6905,6.09545,18.2545,7.98167,217.721,1101.47,7.07096,93.89,452.392,14.3444,0.294985,0,0.294985,93.2254,16.426,0.714175,6.39652,92.082,1.05574,0.372613,0.0155255,0.294985,5.68235
"258",5908247,213,"3F207",38.33645871,-78.63125917,10.278,5.07,1.93708,353.025,7.6905,6.09545,18.2545,7.98167,217.721,1101.47,7.07096,93.89,452.392,14.3444,0.294985,0,0.294985,93.2254,16.426,0.714175,6.39652,92.082,1.05574,0.372613,0.0155255,0.294985,5.68235
"259",5908211,212,"3F206",38.36576586,-78.57964779,7.9956,4.445,2.505736,380.86,5.7033,5.55125,18.5338,9.13765239715576,219.168,1102.05,8.07251262664795,94.035,418.873,10.7456,0,0,0,85.357,273.901,0,12.6203,73.5663,13.8133,7.38803,0,0.0627878,12.6203
"260",5908271,218,"3F261",38.33409837,-78.60013868,23.1552,6.54,2.064525,417.09,18.4608,6.00808,17.5458,9.07976,246.527,1263.78,8.04418,103.03,559.502,16.0196,0,0,0,94.321,15.9666,0,5.54009,92.0135,2.44644,0.148858,0.00647207,0.0388324,5.54009
"261",5908271,220,"3F263",38.31711502,-78.63183127,23.1552,6.54,2.064525,417.09,18.4608,6.00808,17.5458,9.07976,246.527,1263.78,8.04418,103.03,559.502,16.0196,0,0,0,94.321,15.9666,0,5.54009,92.0135,2.44644,0.148858,0.00647207,0.0388324,5.54009
"262",5908217,219,"3F262",38.37092236,-78.60221867,39.3561,5.003,1.190085,319.81,6.8184,5.778,18.58,7.93840551376343,213.044,1074.57,7.0092978477478,91.544,409.881,16.5532,0.069979,0,0.069979,97.5711,14.7481,0,2.29181,94.874,2.76417,0.157453,0.122463,0.0174948,2.29181
"263",5908333,221,"3F264",38.29128954,-78.74834688,6.813,4.215,4.045007,440.865,6.813,5.876,17.613,8.29488,211.256,1111.76,7.41609,88.203,557.991,18.7134,0,0,0,100,0,0,0,100,0,0,0,0,0
"264",5908591,222,"3F265",38.27527109,-78.76124656,5.3991,6.947,4.033539,452.02,5.3991,5.82875,17.9163,7.43787384033203,212.131,1096.98,6.61570119857788,87.1525,526.679,15.3124,0.0221631,0,0.0221631,94.7976,26.0417,0,5.07535,92.8856,2.01684,0.421099,0.376773,0.0221631,5.07535
"265",5908599,223,"3F266",38.24713849,-78.78804649,12.4794,8.882,2.728615,438.235,12.4794,5.6455,18.2525,7.88509845733643,221.926,1095.91,7.01318216323853,86.266,454.102,7.54903,0,0,0,78.753,408.959,0,17.6967,65.5936,16.7098,10.0125,1.95458,0.105394,17.6967
"266",8566457,224,"3F267",38.24101928,-78.65420036,6.939,3.489,7.928059,368.995,4.8951,5.86375,17.5363,10.0496377944946,261.134,1360.95,9.06196594238281,116.129,580.36,18.3759,0,0,0,94.2743,13.941,0,5.60565,92.2983,2.09603,0.0243724,0,0,5.60565
"267",8566457,225,"3F268",38.24225989,-78.65086243,6.939,3.489,7.928059,368.995,4.8951,5.86375,17.5363,10.0496377944946,261.134,1360.95,9.06196594238281,116.129,580.36,18.3759,0,0,0,94.2743,13.941,0,5.60565,92.2983,2.09603,0.0243724,0,0,5.60565
"268",8566457,268,"Rockybar",38.23871857,-78.63976122,6.939,3.489,7.928059,368.995,4.8951,5.86375,17.5363,10.0496377944946,261.134,1360.95,9.06196594238281,116.129,580.36,18.3759,0,0,0,94.2743,13.941,0,5.60565,92.2983,2.09603,0.0243724,0,0,5.60565
"269",5908373,226,"3F270",38.2268308,-78.79027509,6.4719,6.206,3.047373,433.52,3.8988,5.72,18.3417,10.6533,226.045,1090.63,9.56262,85.6667,447.905,7.43081,0.0307409,0,0.0307409,78.8618,216.938,0,19.1516,71.5647,9.253,5.22595,0.399631,0,19.1516
"270",5908607,264,"PR31",38.20847194,-78.75699375,2.5794,1.965,9.599779,621.26,2.5794,5.204,16.974,9.16058,269.596,1325.99,8.22447,102.372,751.023,25.6249,0,0,0,100,1.76171,0,0,98.6092,1.15902,0,0,0,0
"271",5908607,228,"3F300",38.20914229,-78.75341012,2.5794,1.965,9.599779,621.26,2.5794,5.204,16.974,9.16058,269.596,1325.99,8.22447,102.372,751.023,25.6249,0,0,0,100,1.76171,0,0,98.6092,1.15902,0,0,0,0
"272",5908287,229,"3F302",38.31118521,-78.64962791,2.0466,1.644,7.97925,531.325,2.0466,5.75333,17.2,10.6551,241.853,1269.81,9.49389,111.257,636.957,24.7814,0,0,0,100,4.67563,0,0,99.5324,0.467563,0,0,0,0
"273",5908351,230,"3F311",38.25963175,-78.66592003,3.6648,1.815,14.439639,663.98,3.6648,4.505,16.1017,10.0496,282.722,1516.67,9.06197,131.618,792.745,19.0459,0,0,0,100,16.7809,0,0,93.7643,6.10513,0,0,0,0
"274",5908309,231,"3F312",38.3075065,-78.66032504,2.2545,1.635,8.570754,571.805,2.2545,5.10333,16.7333,7.6928277015686,243.41,1289.88,6.84392833709717,112.407,680.263,23.6301,0,0,0,100,4.51168,0,0,98.5138,1.4862,0,0,0,0
"275",5908395,232,"3FPR1",38.20871469,-78.83268002,17.4474,1.808,1.654867,366.74,1.5498,5.73333,18.84,8.15125751495361,215.22,1050.56,7.28076314926147,85.57,378.623,2.76957,0,0,0,92.4192,628.637,0,5.2348,63.8183,30.9469,12.2402,0,0.153965,5.2348
"276",8468211,237,"GML01",38.48718322,-78.32705028,40.419,4.865,1.578006,220.805,13.8393,5.098,17.491,8.644,235.403,1221.39,7.6183,100.305,484.611,17.8024,0,0,0,91.2116,61.9614,0,8.30748,86.2203,5.47225,1.05136,0.137883,0.060324,8.30748
"277",8465809,266,"RAPF4",38.64687885,-78.20695002,102.5595,6.885,0.664633,171.54,21.4722,5.89833,18.7853,8.27965,223.816,1156.15,7.24919,98.9903,255.497,10.2129,0.0664894,0.0332447,0.0332447,59.0467,30.1086,0,38.4309,55.4577,6.07824,0.0554078,0.0554078,0.121897,38.4309
"278",8465809,267,"RappF",38.64691987,-78.20630353,102.5595,6.885,0.664633,171.54,21.4722,5.89833,18.7853,8.27965,223.816,1156.15,7.24919,98.9903,255.497,10.2129,0.0664894,0.0332447,0.0332447,59.0467,30.1086,0,38.4309,55.4577,6.07824,0.0554078,0.0554078,0.121897,38.4309
"279",8468293,270,"SR04",38.445447,-78.37649057,1.9584,2.003,18.72531,514.81,1.9584,4.89667,17.32,8.9957447052002,243.22,1284.72,7.93049764633179,104.713,650.322,20.8775,0,0,0,100,0,0,0,100,0,0,0,0,0
"280",0,54,"2F013",NA,NA,NA,NA,NA,NA,NA,NA,NA,NA,NA,NA,NA,NA,NA,NA,NA,NA,NA,NA,NA,NA,NA,NA,NA,NA,NA,NA,NA
"281",0,55,"2F014",NA,NA,NA,NA,NA,NA,NA,NA,NA,NA,NA,NA,NA,NA,NA,NA,NA,NA,NA,NA,NA,NA,NA,NA,NA,NA,NA,NA,NA
"282",0,123,"2F142",NA,NA,NA,NA,NA,NA,NA,NA,NA,NA,NA,NA,NA,NA,NA,NA,NA,NA,NA,NA,NA,NA,NA,NA,NA,NA,NA,NA,NA
"283",0,274,"VT35",NA,NA,NA,NA,NA,NA,NA,NA,NA,NA,NA,NA,NA,NA,NA,NA,NA,NA,NA,NA,NA,NA,NA,NA,NA,NA,NA,NA,NA
"284",0,53,"2F012",NA,NA,NA,NA,NA,NA,NA,NA,NA,NA,NA,NA,NA,NA,NA,NA,NA,NA,NA,NA,NA,NA,NA,NA,NA,NA,NA,NA,NA
